Fecha de Atencion,De 0 a antes de 1,De 01 a 05 ,De 06 a 09,De 10 a 14,De 15 a 18 ,De 19 a 26,De 27 a 44,De 45 a 59,De 60 y mas,No Definido,Total general
1/1/15,2.268,6.24,2.858,3.39,4.047,10.336,16.314,12.826,19.251,,77.432
1/2/15,5.395,19.633,11.348,12.631,13.048,34.709,65.932,51.726,55.442,,269.463
1/3/15,3.739,14.068,8.416,9.286,9.528,23.878,43.47,31.255,31.299,,174.63
1/4/15,2.034,8.458,4.359,5.007,5.169,11.219,18.231,11.505,13.725,,79.591
1/5/15,9.712,35.76,19.355,20.798,22.322,55.17,105.007,85.648,95.001,,448.08
1/6/15,9.772,39.509,21.657,22.699,24.51,58.391,109.264,89.589,96.545,,471.156
1/7/15,10.386,43.458,24.065,25.271,26.655,62.02,116.451,93.92,102.431,,503.887
1/8/15,10.272,44.492,24.87,26.794,27.551,62.945,118.387,94.773,103.646,,512.874
1/9/15,9.686,47.294,26.231,27.982,28.923,65.505,122.265,98.33,107.349,,532.752
1/10/15,4.797,27.486,15.759,16.491,16.576,38.995,73.422,56.193,58.909,,308.177
1/11/15,1.989,8.885,4.987,5.189,5.401,11.936,20.168,13.06,16.523,,88.023
1/12/15,2.127,16.397,9.573,9.799,9.713,21.344,39.428,29.683,33,,170.92
1/13/15,11.965,41.716,22.94,24.192,26.339,57.792,101.68,86.013,100.179,,471.942
1/14/15,12.02,50.195,27.863,28.99,30.552,67.343,126.688,105.923,121.679,,570.407
1/15/15,11.589,50.328,27.497,29.386,30.581,66.443,126.168,105.44,118.81,,565.472
1/16/15,10.876,47.997,26.693,28.887,29.975,64.877,122.051,100.712,111.66,,542.97
1/17/15,5.109,21.457,12.826,14.284,13.7,31.491,61.148,45.144,46.58,,251.364
1/18/15,2.062,7.378,4.368,5.061,5.07,10.693,17.943,11.466,14.117,,78.058
1/19/15,12.182,50.456,26.815,27.772,28.928,67.2,128.075,107.89,119.551,,568.066
1/20/15,11.952,52.19,27.486,28.835,29.753,67.577,127.643,109.382,121.577,,575.575
1/21/15,11.397,51.883,27.73,28.65,30.243,67.232,127.205,107.736,118.849,,570.126
1/22/15,10.968,49.883,26.263,28.143,28.92,65.478,123.317,104.931,114.786,,551.935
1/23/15,10.523,47.633,25.69,27.332,28.522,64.958,120.966,101.428,109.689,,535.994
1/24/15,5.117,21.515,13.039,15.098,14.276,32.04,61.629,46.153,46.543,,254.982
1/25/15,1.963,7.069,4.148,4.935,5.117,10.598,17.777,11.453,13.712,,76.675
1/26/15,11.853,50.472,26.15,26.84,28.34,66.382,126.722,108.33,117.308,,561.586
1/27/15,12.086,52.522,27.106,27.685,29.111,67.4,126.886,108.517,116.986,,567.537
1/28/15,11.562,51.251,26.908,27.374,28.745,65.912,124.696,105.835,114.361,,555.856
1/29/15,10.997,49.66,26.411,26.983,28.398,64.872,125.037,106.294,113.502,,551.395
1/30/15,10.311,46.83,24.416,24.561,26.265,61.325,118.975,99.407,104.466,,515.793
1/31/15,5.426,23.496,13.306,14.784,14.474,32.065,63.154,48.13,50.91,,265.291
2/1/15,2.197,6.564,3.039,3.586,4.205,9.446,15.019,11.031,14.595,,69.549
2/2/15,9.684,37.268,20.027,20.894,21.355,47.667,86.725,71.945,75.871,,390.746
2/3/15,9.979,40.796,21.208,22.524,23.153,50.842,91.844,74.844,78.591,,413.051
2/4/15,9.652,38.052,20.201,20.944,21.641,49.294,88.249,73.293,76.724,,397.371
2/5/15,9.369,37.208,19.497,20.572,21.604,49.017,87.299,71.686,75.178,,390.726
2/6/15,8.892,35.537,19.115,20.424,20.523,48.656,86.301,69.803,72.283,,380.824
2/7/15,4.25,17.225,10.386,12.177,11.203,24.776,45.687,33.551,32.303,,191.225
2/8/15,1.93,7.421,4.235,4.761,4.629,9.586,15.74,10.238,12.389,,70.776
2/9/15,10.264,42.886,22.723,23.897,23.76,54.369,99.093,80.563,85.704,,442.339
2/10/15,10.406,46.892,24.526,25.901,25.676,58.084,104.538,86.69,92.371,,474.153
2/11/15,9.878,39.105,20.948,22.37,22.115,50.419,91.809,74.102,77.406,,407.376
2/12/15,9.811,46.174,25.162,26.623,25.458,58.913,108.662,88.457,91.102,,479.501
2/13/15,9.348,36.028,19.433,21.33,21.718,48.412,86.952,70.594,72.704,,385.862
2/14/15,4.498,16.269,10.012,11.247,10.516,22.702,41.917,30.504,29.73,,177.092
2/15/15,2.089,7.603,3.931,4.882,4.732,10.186,16.431,10.607,12.591,,72.918
2/16/15,10.294,35.36,19.12,20.138,20.707,47.74,86.693,70.406,73.551,,383.373
2/17/15,10.388,37.651,20.104,21.877,21.508,48.366,88.113,71.392,74.849,,393.594
2/18/15,10.669,39.667,21.102,22.558,22.324,50.871,92.967,75.46,77.595,,412.515
2/19/15,10.7,40.391,21.537,22.349,22.617,51.154,93.653,75.541,78.8,,416.012
2/20/15,10.181,38.376,20.882,22.044,22.283,49.974,90.03,72.256,73.73,,399.074
2/21/15,5.227,18.434,10.77,12.687,11.171,23.829,44.682,32.237,30.501,,189.208
2/22/15,2.355,8.461,4.26,4.926,4.823,10.056,16.344,10.402,11.847,,73.36
2/23/15,11.648,41.709,21.8,23.144,22.922,52.563,95.606,77.749,79.056,,425.553
2/24/15,11.534,42.355,21.836,24.891,24.158,52.957,96.783,79.06,81.546,,434.394
2/25/15,10.778,41.512,22.046,23.562,22.951,51.374,94.127,77.079,78.315,,421.069
2/26/15,11.168,41.121,22.482,24.702,23.974,51.045,93.304,76.707,78.691,,422.458
2/27/15,10.257,39.173,20.855,23.028,22.846,49.647,89.67,71.827,73.904,,400.486
2/28/15,5.832,22.15,13.254,15.114,13.559,28.605,53.348,42.287,44.638,,238.349
3/1/15,2.213,8.348,3.429,3.607,4.122,10.119,16.766,11.432,14.239,,74.168
3/2/15,10.397,45.962,24.83,25.053,24.339,59.336,118.497,92.079,88.395,,488.148
3/3/15,10.72,48.555,26.826,27.522,26.552,62.954,125.793,97.662,94.852,,520.611
3/4/15,10.173,46.161,25.383,25.174,24.878,59.585,119.586,93.594,90.639,,494.411
3/5/15,10.366,46.524,24.561,25.576,25.244,60.085,120.49,94.301,91.296,,497.681
3/6/15,9.685,43.484,24.175,24.681,23.737,58.003,115.297,88.241,85.735,,472.22
3/7/15,4.64,22.872,14.276,15.617,13.415,29.951,59.772,41.288,37.168,,238.612
3/8/15,2.083,13.622,7.06,6.988,6.687,14.314,24.017,16.006,18.098,,108.751
3/9/15,10.95,52.692,27.7,28.643,27.498,65.428,130.963,102.103,99.59,,544.651
3/10/15,11.038,52.959,27.798,28.307,27.049,65.433,131.23,102.737,100.398,,546.001
3/11/15,10.526,58.035,31.225,31.947,30.399,73.053,147.65,114.954,111.48,,608.237
3/12/15,9.963,54.695,30.269,30.708,29.307,69.98,140.783,108.541,104.851,,578.147
3/13/15,10.095,44.472,24.616,25.056,24.91,58.829,117.069,89.021,85.386,,478.744
3/14/15,5.162,22.479,14.011,15.134,13.064,29.277,58.504,40.979,36.691,,234.903
3/15/15,2.333,9.86,4.441,5.106,4.893,11.341,19.148,12.311,13.874,,83.219
3/16/15,11.585,49.438,26.309,27.198,25.891,61.788,123.695,94.297,90.906,,510.359
3/17/15,11.392,51.384,27.56,27.901,26.322,63.032,127.234,97.501,94.197,,525.708
3/18/15,10.376,46.924,25.835,26.46,25.418,60.699,121.401,94.001,89.591,,499.998
3/19/15,10.364,45.947,25.256,26.029,25.052,59.012,119.468,92.58,88.358,,491.341
3/20/15,9.974,43.171,23.733,24.767,24.318,56.482,113.575,87.583,83.818,,466.71
3/21/15,4.865,21.061,12.933,13.854,11.928,27.743,55.495,38.245,34.741,,220.551
3/22/15,2.288,9.133,4.195,4.535,4.553,10.347,17.38,10.739,12.017,,75.098
3/23/15,2.539,10.258,4.879,5.377,5.206,11.038,18.738,11.642,12.984,,82.57
3/24/15,12.319,49.717,25.558,26.26,25.743,62.309,123.816,96.237,94.796,,516.033
3/25/15,11.268,48.346,27.188,27.795,26.57,61.549,122.793,95.663,91.803,,512.238
3/26/15,11.363,47.067,24.604,24.783,24.945,60.753,120.628,94.253,91.004,,498.646
3/27/15,10.603,43.726,23.707,24.051,24.115,58.169,114.838,88.279,84.614,,471.401
3/28/15,5.203,23.025,13.263,14.598,12.731,29.056,57.743,40.149,36.515,,231.917
3/29/15,2.342,7.502,2.591,2.652,3.25,8.215,13.658,8.481,10.453,,59.041
3/30/15,11.068,42.994,23.609,25.129,24.012,55.842,112.627,88.252,83.73,,466.54
3/31/15,10.476,43.242,23.546,24.728,24.663,56.967,114.048,88.691,83.861,,469.447
4/1/15,9.588,39.829,22.031,23.326,23.766,54.011,105.369,82.388,79.243,,438.898
4/2/15,2.62,10.107,4.633,5.267,5.036,10.985,17.427,11.343,13.26,,80.536
4/3/15,2.352,10.674,5.431,6.288,5.869,11.936,19.968,12.757,13.895,,89.067
4/4/15,3.555,12.002,6.161,6.935,7.234,17.032,31.284,22.086,20.895,,126.995
4/5/15,2.473,10.496,4.754,5.657,5.583,12.089,19.925,12.536,13.975,,87.364
4/6/15,12.671,48.427,26.622,27.905,28.2,65.358,127.328,100.86,100.856,,537.364
4/7/15,13.099,50.824,27.685,29.973,29.069,68.128,133.863,105.855,106.632,,564.258
4/8/15,12.199,53.887,30.205,32.213,30.59,69.621,136.701,108.323,108.904,,581.652
4/9/15,12.435,54.412,30.051,32.558,31.496,71.54,139.778,109.642,110.9,,591.855
4/10/15,11.824,48.748,27.543,29.325,28.873,66.448,129.274,99.667,99.172,,540.027
4/11/15,6.014,34.445,20.398,22.108,19.554,44.503,89.515,65.651,61.181,,362.869
4/12/15,2.573,16.965,9.282,10.1,9.281,20.52,37.132,26.727,28.963,,161.387
4/13/15,12.923,52.466,27.738,30.006,28.861,67.655,134.473,106.812,107.785,,567.769
4/14/15,13.01,53.011,29.801,31.875,30.461,68.399,134.639,107.309,106.777,,574.466
4/15/15,11.992,50.841,28.6,31.255,29.211,65.322,129.375,102.973,103.531,,552.198
4/16/15,12.821,52.373,29.804,31.992,30.932,72.915,142.266,108.607,104.336,,585.211
4/17/15,11.236,47.007,26.32,28.502,27.233,62.515,122.508,95.148,93.176,,512.843
4/18/15,5.696,23.501,13.862,15.786,13.968,30.894,60.835,43.47,40.157,,247.752
4/19/15,2.568,10.113,4.563,5.115,5.051,11.394,18.242,11.559,13.072,,81.568
4/20/15,13.587,54.163,28.671,31.228,29.926,68.517,135.879,107.42,105.849,,574.367
4/21/15,13.482,54.035,29.505,31.46,29.717,67.888,133.722,106.872,105.583,,571.39
4/22/15,12.513,53.495,29.147,31.397,30.442,67.881,132.796,106.024,102.12,,564.946
4/23/15,12.562,52.251,28.404,30.919,29.823,66.498,132.113,104.531,100.891,,557.19
4/24/15,11.965,47.84,26.828,30.183,28.763,63.701,124.957,96.753,93.735,,523.914
4/25/15,8.244,32.116,15.083,16.671,14.56,32.118,62.682,48.317,49.384,,278.718
4/26/15,2.771,10.701,4.776,5.494,5.312,11.389,19.199,12.842,14.506,,86.858
4/27/15,14.55,55.383,29.12,31.386,30.245,67.664,134.044,107.919,106.586,,575.942
4/28/15,14.418,56.292,30.054,31.777,30.534,66.957,132.064,106.331,106.217,,573.741
4/29/15,13.813,53.424,27.592,29.688,28.768,63.963,128.449,103.888,104.393,,553.106
4/30/15,13.692,53.3,28.259,31.096,30.003,65.707,131.513,109.104,113.902,,575.576
5/1/15,3.305,11.791,4.375,4.617,5.082,12.177,20.077,14.624,19.701,,95.572
5/2/15,5.034,20.71,11.197,12.293,11.148,25.78,50,35.398,34.011,,205.234
5/3/15,2.584,11.281,4.485,5.03,5.256,12.169,19.346,11.811,13.761,,85.585
5/4/15,11.959,51.662,27.235,28.787,27.489,63.88,124.654,98.943,99.307,,532.922
5/5/15,12.165,53.207,28.429,29.91,28.623,63.632,124.306,100.384,102.937,,542.528
5/6/15,11.858,53.036,28.632,30.52,29.046,66.025,126.834,101.236,103.909,,549.999
5/7/15,11.222,51.308,27.804,30.276,28.24,64.655,124.991,99.887,102.021,,539.314
5/8/15,10.446,50.845,27.579,30.004,29.226,64.471,124.014,98.836,100.472,,534.813
5/9/15,5.522,25.982,14.836,16.257,14.275,31.538,60.958,43.551,42.438,,254.871
5/10/15,2.593,18.24,9.124,9.647,9.401,20.128,34.782,25.939,29.123,,158.762
5/11/15,12.076,61.866,32.649,34.076,32.529,76.803,151.886,120.559,121.767,,642.964
5/12/15,12.271,56.398,30.114,31.819,30.038,68.867,135.898,108.374,113.538,,586.203
5/13/15,11.821,52.68,28.224,29.011,27.985,65.764,127.139,101.601,106.049,,549.24
5/14/15,11.633,51.622,27.47,28.562,27.851,65.376,126.309,101.036,104.058,,542.838
5/15/15,10.952,47.92,26.435,28.401,26.931,61.549,119.501,95.073,97.296,,513.054
5/16/15,5.409,22.772,13.404,14.597,12.59,28.436,55.775,39.582,38.74,,230.868
5/17/15,2.576,9.734,4.405,5.296,5.06,11.293,18.272,11.586,14.325,,82.304
5/18/15,2.708,10.235,4.925,5.476,5.294,11.908,19.342,12.22,15.175,,87.074
5/19/15,13.469,54.786,27.916,29.136,28.482,66.632,128.826,102.863,106.705,,557.675
5/20/15,12.646,55.023,28.992,30.556,29.4,67.079,130.314,103.312,108.227,,564.434
5/21/15,11.774,52.512,28.286,30.782,28.611,65.465,126.78,100.709,102.879,,546.712
5/22/15,10.789,48.806,26.76,29.238,27.783,62.679,121.407,96.138,95.897,,518.615
5/23/15,5.693,23.95,13.632,15.124,13.246,29.422,58.136,41.538,40.433,,240.74
5/24/15,2.708,10.242,4.82,5.514,5.511,12.105,19.577,12.993,15.256,,88.555
5/25/15,13.325,54.167,28.597,31.255,28.616,65.128,128.5,102.652,104.31,,555.433
5/26/15,13.171,55.449,30.195,31.938,29.58,65.329,128.771,103.768,104.664,,561.741
5/27/15,12.406,54.333,28.751,31.187,28.962,65.072,126.758,101.833,103.712,,551.921
5/28/15,11.502,51.098,28.128,30.143,28.31,62.489,123.117,97.5,98.681,,529.977
5/29/15,11.251,48.626,26.256,28.439,26.68,58.407,115.68,91.615,91.147,,497.119
5/30/15,6.297,24.553,13.947,15.459,13.094,27.8,56.583,43.434,45.257,,245.905
5/31/15,2.934,10.919,4.768,4.953,4.983,10.904,18.596,13.744,18.268,,89.704
6/1/15,12.312,49.593,25.544,26.19,25.188,62.091,120.926,95.409,96.221,,512.404
6/2/15,12.037,49.359,25.675,26.855,25.586,61.706,118.697,92.34,93.342,,504.5
6/3/15,12.125,50.298,25.665,26.825,26.156,62.462,119.107,93.733,93.905,,509.217
6/4/15,12.139,48.829,25.395,26.439,25.487,61.704,118.791,93.324,93.364,,504.427
6/5/15,11.554,46.752,23.998,25.35,25.209,61.065,115.016,89.364,89.072,,486.283
6/6/15,6.047,21.675,12.026,13.156,11.466,27.192,53.514,37.858,36.509,,218.993
6/7/15,2.59,10.594,4.324,4.669,4.766,11.145,17.78,11.795,14.367,,81.832
6/8/15,2.713,13.747,6.23,6.79,6.605,13.784,22.366,15.481,18.886,,106.354
6/9/15,13.928,50.344,25.801,27.266,26.877,63.722,121.1,95.918,100.445,,524.283
6/10/15,13.253,59.041,31.177,33.226,31.922,73.364,137.732,110.787,114.149,,603.356
6/11/15,12.625,57.909,31.078,32.203,31.084,74.54,144.292,114.586,115.705,,612.707
6/12/15,11.587,45.04,24.491,25.473,24.901,61.018,114.713,89.54,90.722,,486.486
6/13/15,5.849,21.373,12.064,12.747,11.463,27.539,53.451,38.112,36.389,,218.413
6/14/15,2.45,8.343,3.124,3.253,3.556,9.159,14.289,9.163,11.744,,64.846
6/15/15,2.682,9.316,3.757,3.943,4.05,9.869,15.496,9.976,12.806,,71.64
6/16/15,14.283,50.458,26.603,27.856,26.97,63.746,120.188,95.027,97.986,,521.952
6/17/15,12.98,49.164,25.629,27.417,26.232,62.252,118.649,94.129,96.555,,511.825
6/18/15,12.72,47.686,25.23,27.274,26.229,62.321,118.21,93.391,94.858,,506.855
6/19/15,11.688,44.101,23.042,24.529,24.726,59.252,112.057,86.844,86.524,,471.78
6/20/15,6.345,22.019,11.716,12.558,11.334,28.041,55.139,39.135,37.502,,223.285
6/21/15,2.395,7.867,2.892,3.157,3.594,8.839,14.064,8.633,11.018,,62.237
6/22/15,13.347,46.082,25.565,27.659,26.087,61.902,117.516,91.917,91.406,,500.287
6/23/15,13.359,48.809,26.59,29.373,28.137,63.917,120.188,94.079,94.916,,518.269
6/24/15,12.451,47.11,25.129,28.667,27.255,61.845,115.833,90.194,91.084,,498.477
6/25/15,12.267,46.378,25.142,28.249,26.938,61.506,116.241,90.766,92.058,,498.513
6/26/15,11.19,41.608,22.91,25.272,24.248,55.519,105.991,82.511,83.526,,451.772
6/27/15,5.468,18.759,10.079,10.956,10.441,26.098,50.222,34.688,33.966,,200.214
6/28/15,2.299,7.588,3.015,3.137,3.661,8.852,14.664,9.327,11.445,,63.759
6/29/15,2.661,7.998,3.034,3.342,3.655,9.754,15.425,9.639,12.49,,67.784
6/30/15,13.589,48.837,26.494,28.352,27.953,64.894,122.939,96.956,98.705,,527.142
7/1/15,11.747,45.959,25.694,27.992,27.456,63.127,120.305,94.193,94.403,,509.888
7/2/15,10.231,43.063,26.103,28.969,28.204,61.987,118.086,90.627,89.048,,495.456
7/3/15,9.556,40.974,24.944,28.128,26.995,60.562,113.187,86.066,83.065,,472.641
7/4/15,5.137,22.252,12.789,14.505,13.29,30.53,58.061,39.967,37.117,,233.243
7/5/15,2.164,10.384,5.144,5.8,5.787,12.686,20.77,13.276,15.053,,90.87
7/6/15,11.837,45.52,25.503,27.321,26.988,61.659,119.418,92.586,94.854,,504.737
7/7/15,12.341,48.271,26.594,28.445,27.828,64.984,123.719,96.04,96.724,,523.987
7/8/15,11.633,47.278,27.099,29.324,28.286,63.899,120.969,94.012,94.362,,515.947
7/9/15,11.556,52.134,29.269,31.38,30.633,68.788,130.574,101.701,102.018,,556.96
7/10/15,10.483,52.06,28.913,31.575,30.58,69.29,131.952,101.363,100.859,,555.973
7/11/15,5.285,25.643,15.724,17.582,15.381,34.222,68.107,47.052,44.221,,272.711
7/12/15,2.021,15.876,8.999,9.056,8.481,19.245,34.927,25.685,27.59,,151.637
7/13/15,12.228,47.212,26.432,28.701,27.599,64.114,122.469,95.522,94.224,,517.503
7/14/15,12.149,48.926,26.968,29.314,28.717,65.632,124.562,97.424,96.734,,529.44
7/15/15,11.425,47.736,26.486,28.293,28.288,64.178,122.204,95.439,94.99,,518.009
7/16/15,11.082,45.083,25.556,27.644,26.775,62.669,120.228,92.604,91.543,,502.313
7/17/15,10.88,43.154,24.674,26.847,25.745,60.77,115.254,87.143,85.358,,478.948
7/18/15,5.057,19.879,12.761,14.113,12.295,27.924,54.297,36.666,33.992,,216.566
7/19/15,1.886,8.487,4.343,4.711,4.83,10.129,16.785,10.632,12.202,,73.821
7/20/15,1.976,8.604,4.301,4.834,4.781,10.374,16.684,10.683,12.921,,74.984
7/21/15,12.768,48.99,26.584,27.64,27.467,64.367,123.967,95.312,96.384,,522.469
7/22/15,12.324,49.365,27.253,28.864,28.485,65.315,124.222,96.063,96.675,,527.55
7/23/15,11.489,46.952,26.275,28.368,27.962,64.479,122.393,94.926,93.486,,515.413
7/24/15,10.695,43.415,24.932,26.359,26.564,61.706,118.598,90.811,87.03,,489.204
7/25/15,5.409,21.315,13.481,15.547,13.343,29.251,56.863,39.154,36.468,,230.439
7/26/15,2.092,9.217,4.652,5.402,5.07,10.558,17.415,11.055,13.235,,78.495
7/27/15,11.89,47.28,26.549,27.835,27.042,62.796,121.949,94.629,93.213,,512.132
7/28/15,12.091,48.814,27.286,28.507,27.615,64.806,124.564,96.954,94.93,,524.57
7/29/15,11.701,47.526,25.9,28.32,26.977,61.857,119.559,93.339,89.669,,503.904
7/30/15,10.772,43.34,24.08,25.753,24.748,58.929,112.156,87.206,85.084,,471.139
7/31/15,10.574,43.512,24.462,26.677,24.432,59.511,114.793,88.646,85.178,,476.56
8/1/15,3.648,17.477,9.669,10.63,9.726,22.047,42.761,31.756,33.012,,180.322
8/2/15,1.526,7.475,3.917,4.411,4.13,8.716,14.188,9.084,10.714,,64.024
8/3/15,7.959,38.611,22.734,22.825,22.079,49.057,91.213,74.255,75.908,,403.797
8/4/15,7.99,41.164,23.12,23.597,22.541,49.891,94.973,76.399,78.634,,417.425
8/5/15,7.664,40.357,22.867,23.625,22.554,50.721,95.052,76.08,78.779,,416.794
8/6/15,7.573,36.579,20.897,21.821,21.728,48.092,88.548,70.437,73.165,,387.97
8/7/15,1.715,10.352,5.798,6.318,6.119,12.155,19.573,13.159,15.177,,90.166
8/8/15,3.185,15.414,9.459,10.819,9.416,20.587,38.57,27.407,26.351,,160.776
8/9/15,1.504,13.395,7.164,7.611,7.502,14.601,23.557,17.614,19.931,,112.708
8/10/15,8.086,47.044,26.992,27.211,25.567,55.647,106.214,86.978,90.966,,473.729
8/11/15,8.165,41.599,23.827,24.183,22.867,49.192,93.651,76.089,79.351,,418.05
8/12/15,7.719,40.205,23.336,23.743,22.39,49.21,92.755,74.453,80.519,,413.382
8/13/15,7.767,39.475,22.619,23.05,22.426,49.011,92.767,75.283,78.638,,410.085
8/14/15,7.188,35.894,20.396,21.767,21.009,45.771,86.578,69.028,70.983,,377.832
8/15/15,3.325,16.723,10.365,11.482,10.304,21.448,40.775,29.253,28.475,,171.778
8/16/15,1.486,7.507,3.715,4.328,4.28,8.798,13.726,8.91,10.789,,63.378
8/17/15,1.491,8.035,4.234,4.812,4.596,9.103,14.22,9.083,11.02,,66.438
8/18/15,8.932,41.793,23.152,23.026,22.253,48.739,92.852,75.66,80.203,,415.689
8/19/15,8.269,41.601,23.513,23.751,22.577,49.42,93.486,76.317,80.233,,418.233
8/20/15,8.185,40.946,23.012,23.458,22.489,49.102,94.018,76.147,78.807,,415.192
8/21/15,7.546,37.112,21.254,22.888,21.656,47.274,87.727,70.612,71.922,,387.186
8/22/15,3.706,17.69,11.116,12.18,10.869,22.148,42.511,30.842,29.42,,180.021
8/23/15,1.514,7.796,3.981,4.613,4.557,9.232,14.636,9.325,10.787,,66.315
8/24/15,8.462,40.177,22.635,23.729,22.363,48.721,92.547,75.62,77.601,,410.892
8/25/15,8.248,41.756,23.85,24.358,22.878,49.808,93.859,77.383,79.874,,421.086
8/26/15,7.726,40.263,22.97,23.857,22.772,48.056,91.433,75.525,77.083,,408.798
8/27/15,7.611,38.911,22.529,23.631,22.537,47.932,90.763,73.838,75.524,,402.372
8/28/15,6.887,36.177,21.113,22.371,21.091,45.769,85.03,68.704,69.455,,375.687
8/29/15,3.544,19.342,11.362,12.645,10.985,22.044,42.046,31.886,29.967,,183.323
8/30/15,1.364,6.37,2.781,2.862,3.171,7.245,11.582,8.012,9.244,,52.454
8/31/15,7.57,38.627,21.184,21.489,20.639,46.958,90.405,74.576,76.545,,397.078
9/1/15,5.691,30.602,17.112,17.118,16.244,38.076,73.69,60.857,61.781,,320.538
9/2/15,5.193,29.226,17.355,17.437,15.913,37.023,72.755,58.059,57.552,,309.93
9/3/15,5.343,29.772,16.546,17.948,16.101,38.159,73.055,58.148,59.186,,313.613
9/4/15,4.759,27.823,15.786,16.877,15.622,36.26,68.803,54.787,53.77,,293.834
9/5/15,2.274,13.845,8.6,9.609,8.183,17.352,33.062,23.97,22.028,,138.546
9/6/15,897,7.655,4.122,4.613,4.262,8.83,13.742,9.391,10.178,,63.567
9/7/15,5.572,31.533,18.477,19.109,17.287,39.176,76.043,60.693,61.324,,328.605
9/8/15,5.448,31.068,17.775,18.293,16.771,38.531,74.188,59.85,60.052,,321.361
9/9/15,5.35,33.067,19.089,19.855,18.005,40.185,77.407,63.106,64.166,,339.62
9/10/15,5.324,37.085,21.627,22.302,20.405,45.814,87.213,71.077,71.592,,381.703
9/11/15,4.464,37.457,21.657,22.059,20.786,47.975,93.14,74.113,73.105,,394.085
9/12/15,2.153,21.381,13.762,14.613,12.348,26.624,51.76,39.025,37.179,,218.471
9/13/15,922,6.717,3.447,4.18,3.719,7.442,11.714,7.699,8.707,,54.446
9/14/15,5.522,32.732,18.694,19.793,17.724,39.953,75.903,62.136,63.068,,334.912
9/15/15,5.598,34.516,19.486,20.025,18.619,40.58,77.489,62.8,64.299,,342.806
9/16/15,5.162,33.719,19.342,20.888,18.475,40.028,76.252,61.467,61.548,,336.307
9/17/15,5.3,31.837,18.54,19.838,17.892,39.714,75.525,60.801,60.558,,329.406
9/18/15,4.844,29.722,17.525,18.55,17.038,37.71,71.074,55.95,56.661,,308.544
9/19/15,2.14,14.257,9.08,10.282,8.571,17.712,33.873,24.211,22.504,,142.308
9/20/15,805,6.32,3.459,4.305,3.745,7.595,11.897,7.673,9.054,,54.766
9/21/15,5.51,32.256,18.336,19.117,17.661,39.878,75.924,61.117,61.76,,330.924
9/22/15,5.514,33.887,19.356,19.875,18.113,40.694,76.628,62.088,61.973,,337.539
9/23/15,5.226,33.187,18.588,19.98,17.741,39.898,76.31,61.231,62.266,,333.788
9/24/15,5.214,30.876,17.95,18.907,17.472,38.469,74.092,59.665,60.694,,322.819
9/25/15,4.52,28.574,16.358,17.694,16.798,36.704,68.983,55.133,55.038,,299.274
9/26/15,2.024,14.048,8.822,9.988,8.449,17.408,33.158,23.53,22.221,,139.383
9/27/15,771,6.858,3.495,4.105,3.643,7.482,11.7,7.705,8.87,,54.538
9/28/15,5.501,32.81,18.286,19.278,17.472,38.77,73.986,60.602,61.664,1,327.737
9/29/15,5.114,33.789,18.699,19.704,18.253,39.631,75.552,61.895,61.59,,333.567
9/30/15,5.015,32.603,18.49,18.68,17.82,39.077,75.072,61.13,62.872,1,330.072
10/1/15,1.221,23.166,11.902,12.596,12.041,26.222,47.701,42.442,47.336,,224.363
10/2/15,1.069,21.291,11.625,12.542,11.812,25.335,45.007,39.281,42.035,,209.805
10/3/15,656,11.56,6.384,7.389,6.442,13.365,23.337,17.873,17.859,,104.765
10/4/15,286,7.005,3.577,4.335,3.648,7.544,11.648,8.032,8.814,,54.83
10/5/15,1.373,23.719,13.218,14.261,13.217,27.109,48.852,42.446,46.421,,230.338
10/6/15,1.307,26.421,14.413,15.436,13.968,29.689,52.615,45.67,51.14,,250.38
10/7/15,1.26,26.012,15.578,16.475,14.749,29.537,52.649,45.599,48.677,,250.195
10/8/15,1.217,28.016,15.941,17.16,15.472,30.277,54.664,46.904,51.478,,260.761
10/9/15,1.122,27.889,15.875,16.92,15.63,31.55,55.732,47.14,50.817,,262.261
10/10/15,601,11.485,6.751,7.559,6.619,14.078,24.482,19.236,20.019,,110.701
10/11/15,248,16.848,9.609,9.914,8.416,19.651,36.955,29.085,30.639,,161.282
10/12/15,285,14.286,8.491,9.077,7.813,16.886,31.328,23.876,25.444,,137.408
10/13/15,1.328,27.316,14.514,15.204,13.827,30.539,55.255,47.98,53.346,,259.016
10/14/15,1.199,26.476,14.486,15.54,13.792,30.458,54.314,47.617,52.596,,256.19
10/15/15,1.143,25.709,13.898,15.308,13.981,29.792,53.687,46.526,51.656,,251.439
10/16/15,1.103,23.786,13.122,14.198,12.825,28.157,51.219,43.24,46.799,,234.168
10/17/15,585,11.734,6.965,7.91,6.819,14.15,24.95,19.504,20.328,,112.81
10/18/15,176,5.598,3.161,4.002,3.349,6.655,10.711,7.449,8.927,,49.969
10/19/15,1.214,26.462,13.94,15.278,13.87,30.443,55.08,47.317,51.029,,254.309
10/20/15,1.098,27.989,14.972,15.715,14.386,31.178,57.36,49.356,54.1,,265.788
10/21/15,1.092,26.97,14.309,15.408,14.072,30.199,54.83,47.183,51.444,,255.182
10/22/15,1.079,26.602,14.322,15.417,14.111,30.308,55.242,47.248,51.684,,255.67
10/23/15,954,24.656,13.558,14.784,13.71,29.272,52.669,44.063,47.191,,240.578
10/24/15,563,12.009,7.105,7.98,6.956,14.437,25.798,19.902,20.303,,114.922
10/25/15,188,5.693,3.243,3.681,3.195,6.399,10.233,7.029,8.218,,47.832
10/26/15,910,25.379,13.419,14.279,13.194,28.432,52.472,45.176,47.491,,240.418
10/27/15,992,28.446,14.872,15.486,14.196,30.921,56.866,48.363,52.999,,262.79
10/28/15,983,27.552,14.74,15.526,14.182,30.738,55.483,48.529,52.286,,259.683
10/29/15,970,34.56,20.617,15.128,13.866,32.803,60.324,54.142,50.317,,282.15
10/30/15,829,23.123,11.618,12.545,12.038,26.434,48.666,42.19,45.559,,222.705
10/31/15,334,10.453,5.555,5.921,5.396,12.315,23.314,19.664,21.144,,103.984
11/1/15,32,4.732,2.487,2.517,2.519,5.687,9.412,7.436,9.888,,44.655
11/2/15,25,4.754,2.578,2.635,2.271,5.013,8.006,5.644,7.461,,38.343
11/3/15,47,23.839,13.099,12.031,11.047,24.807,44.722,39.199,45.309,,213.873
11/4/15,47,23.504,13.676,12.915,11.045,24.434,44.269,38.831,46.254,,214.752
11/5/15,62,23.699,12.985,12.909,11.279,24.478,44.876,39.486,45.055,,214.621
11/6/15,47,21.533,11.958,11.476,10.501,23.795,42.529,36.982,41.801,,200.418
11/7/15,45,9.482,5.908,5.714,4.847,10.752,19.422,15.401,16.57,,88.04
11/8/15,28,9.247,5.136,5.04,4.624,8.777,14.632,11.18,13.879,,72.474
11/9/15,64,28.195,15.418,14.964,13.473,28.85,52.971,45.538,51.353,,250.586
11/10/15,54,25.259,13.225,13.097,11.634,25.622,46.512,40.52,46.785,,222.477
11/11/15,45,29.026,15.995,15.255,14.01,31.52,59.936,51.066,55.599,,272.242
11/12/15,56,29.349,17.077,16.713,14.313,31.81,60.331,51.312,55.993,,276.702
11/13/15,55,25.996,14.589,13.646,12.568,28.729,54.201,45.705,49.166,,244.457
11/14/15,39,11.814,6.739,6.563,5.738,12.873,24.461,18.897,19.972,,107.015
11/15/15,30,5.158,2.472,2.445,2.457,5.501,8.658,5.793,7.632,,40.104
11/16/15,28,5.508,2.775,2.693,2.535,5.627,9.008,5.881,7.797,,41.813
11/17/15,52,29.301,16.008,14.456,13.336,30.797,58.674,50.239,56.545,,269.169
11/18/15,64,29.851,17.009,16.341,13.679,31.201,59.85,50.681,56.711,,275.168
11/19/15,55,29.023,16.163,15.361,14.066,31.113,59.693,49.97,55.062,,270.286
11/20/15,79,26.208,14.884,14.343,13.393,29.754,57.152,47.701,52.469,,255.774
11/21/15,47,12.141,7.014,6.57,5.752,13.799,26.322,20.492,21.388,,113.431
11/22/15,26,5.373,2.653,2.395,2.403,5.388,8.388,5.61,7.378,,39.575
11/23/15,56,30.084,16.95,15.966,13.882,31.813,61.483,51.758,57.118,,278.866
11/24/15,52,29.655,16.434,15.218,14.06,31.586,61.307,52.6,57.792,,278.442
11/25/15,48,28.918,16.873,16.366,13.866,30.6,59.728,51.327,55.883,,273.384
11/26/15,63,28.566,16.032,15.213,13.685,30.344,58.653,50.32,55.271,,267.916
11/27/15,55,26.092,14.927,13.874,13.628,36.723,68.433,51.65,50.238,,275.409
11/28/15,47,13.331,7.238,7.316,6.295,13.624,26.949,21.45,22.745,,118.891
11/29/15,42,4.961,2.329,2.439,2.312,5.094,8.195,5.478,7.383,,38.193
11/30/15,65,29.77,16.202,15.936,14.361,32.118,63.886,54.624,60.435,,287.076
12/1/15,48,26.98,15.12,15.155,14.206,31.785,60.035,52.136,61.034,,276.084
12/2/15,63,26.307,14.848,14.689,13.715,30.387,55.988,48.361,56.074,,260.051
12/3/15,62,26.403,14.637,15.202,13.664,31.099,58.608,48.77,55.597,,263.712
12/4/15,76,24.17,13.676,14.114,12.444,29.147,54.179,45.064,51.605,,244.144
12/5/15,56,14.013,7.674,7.39,6.769,16.979,31.016,23.134,25.17,,131.98
12/6/15,64,7.056,3.661,3.407,3.373,8.277,12.719,8.607,10.663,,57.741
12/7/15,77,23.638,12.979,12.799,11.599,28.365,53.167,44.387,52.041,,238.724
12/8/15,45,10.98,6.133,5.945,5.409,11.357,18.312,13.002,16.747,,87.838
12/9/15,60,29.674,16.745,16.696,15.371,34.715,64.513,54.143,63.189,,294.741
12/10/15,87,28.623,15.73,16.213,14.818,33.812,62.494,52.628,61.462,,285.522
12/11/15,97,35.882,20.501,20.57,18.158,42.642,82.239,67.188,74.033,,360.864
12/12/15,59,13.823,7.745,8.152,7.061,16.751,32.37,24.123,25.962,,135.838
12/13/15,46,5.621,2.69,2.73,2.527,6.553,10.661,6.63,8.875,,46.251
12/14/15,60,29.71,17.057,16.973,15.543,36.806,71.597,59.453,66.008,,312.851
12/15/15,89,30.073,17.47,17.09,15.801,37.004,72.372,60.305,66.683,,316.542
12/16/15,91,28.906,16.952,16.759,15.702,36.025,69.471,57.464,62.872,,303.844
12/17/15,73,27.452,16.194,15.929,15.006,35.017,67.328,55.618,61.069,,293.355
12/18/15,89,25.407,14.773,14.363,14.015,32.829,62.526,50.582,56.428,,270.678
12/19/15,61,12.26,6.88,6.916,6.254,15.937,30.881,22.891,24.394,,126.332
12/20/15,75,5.317,2.627,2.904,2.679,6.565,10.377,6.611,8.859,,45.937
12/21/15,93,26.872,14.878,14.829,14.236,34.434,65.887,54.692,59.613,,285.23
12/22/15,95,26.73,15.28,15.031,14.894,34.064,65.119,53.367,59.244,,283.475
12/23/15,139,23.414,13.599,13.478,13.363,30.704,58.011,47.441,53.003,,252.881
12/24/15,127,10.561,6.185,6.229,6.195,13.876,25.253,20.249,23.161,,111.706
12/25/15,69,4.199,2.157,2.242,2.244,5.527,8.208,5.074,6.865,,36.531
12/26/15,76,8.505,4.892,4.643,4.426,12.029,22.079,15.689,16.542,,88.766
12/27/15,83,4.964,2.561,2.597,2.525,6.473,9.711,6.096,8.083,,43.029
12/28/15,98,23.134,12.964,12.548,12.379,30.401,58.303,47.791,51.111,,248.453
12/29/15,102,22.74,12.827,12.007,12.199,30.12,57.564,46.442,50.073,,243.77
12/30/15,166,19.742,11.309,11.081,15.855,35.015,65.758,49.96,44.092,,252.721
12/31/15,131,8.191,4.826,4.994,5.061,12.408,22.802,17.663,21.812,,97.771
1/1/16,61,5.604,2.721,2.862,2.955,7.285,12.141,9.742,16.448,,59.754
1/2/16,72,13.198,7.142,7.6,6.925,18.999,37.464,28.178,29.502,,148.909
1/3/16,77,5.413,2.814,2.92,3.035,7.306,11.658,7.395,9.35,,49.908
1/4/16,118,27.098,15.29,15.189,14.782,36.3,69.8,60.422,73.14,,311.476
1/5/16,157,29.107,16.824,16.748,16.413,39.252,73.953,64.194,76.249,,332.143
1/6/16,151,29.592,17.02,17.33,16.64,39.509,74.669,65.205,76.746,,336.078
1/7/16,208,29.866,17.405,17.572,17.09,39.394,73.425,63.797,75.721,,333.669
1/8/16,224,29.667,17.323,17.519,17.369,39.541,73.392,62.895,73.721,,330.883
1/9/16,154,14.458,8.48,9.099,8.153,19.989,38.385,29.439,32.603,,160.354
1/10/16,129,6.02,3.1,3.455,3.414,7.493,11.964,7.791,10.247,,53.492
1/11/16,107,6.435,3.358,3.789,3.611,7.946,13.101,8.603,12.228,,59.021
1/12/16,235,38.309,21.842,21.881,20.385,45.691,86.156,75.201,92.647,,401.407
1/13/16,303,38.806,22.397,22.874,21.469,46.643,86.606,76.966,93.521,,408.636
1/14/16,281,38.083,21.945,22.61,21.4,46.064,87.223,77.3,92.357,,406.362
1/15/16,278,36.415,21.064,22.053,21.091,44.644,84.643,73.423,87.029,,389.767
1/16/16,188,16.624,9.689,10.418,9.545,21.463,41.652,32.935,36.455,,178.538
1/17/16,136,6.192,3.233,3.672,3.456,7.685,12.344,8.132,10.499,,55.229
1/18/16,206,40.058,22.539,22.731,21.156,47.465,89.061,78.762,94.418,,415.487
1/19/16,253,41.255,22.694,22.138,21.781,48.282,89.916,79.16,94.103,,418.594
1/20/16,267,39.06,22.103,22.259,21.175,46.812,88.229,78.307,93.064,,410.394
1/21/16,226,39.072,21.568,21.655,21.527,47.065,88.307,78.07,91.708,,408.302
1/22/16,277,36.749,20.91,21.216,20.908,45.274,85.64,75.016,87.241,,392.39
1/23/16,197,16.89,10.531,11.354,10.401,21.974,42.809,33.685,36.701,,184.146
1/24/16,172,5.814,3.197,3.499,3.359,7.607,12.131,7.869,10.208,,53.762
1/25/16,224,39.382,21.843,21.226,20.324,46.693,89.417,80.22,93.563,,412.078
1/26/16,262,41.118,22.288,22.243,20.964,47.959,90.237,80.218,94.156,,418.633
1/27/16,254,40.204,21.819,24.801,26.098,55.19,100.078,81.76,92.154,,441.511
1/28/16,275,38.679,20.635,20.715,20.072,45.968,87.744,77.795,89.613,,400.703
1/29/16,239,36.888,20.387,20.328,19.682,43.51,83.228,73.458,84.405,,381.362
1/30/16,217,18.108,10.653,11.411,10.349,22.001,43.993,35.585,37.756,,189.732
1/31/16,143,6.097,3.065,3.115,3.308,7.702,13.354,9.901,14.536,,61.156
2/1/16,260,36.005,19.856,19.836,19.35,44.935,85.806,78.948,94.75,,398.993
2/2/16,236,36.148,18.88,19.184,19.086,44.261,83.797,76.596,89.227,,386.752
2/3/16,214,35.564,18.839,19.128,19.268,44.305,83.214,75.484,90.979,,386.364
2/4/16,196,34.813,18.955,19.674,18.749,43.292,80.265,73.769,85.739,,374.79
2/5/16,269,32.484,18.244,17.962,18.105,41.815,77.814,69.945,81.522,,357.509
2/6/16,180,12.64,7.866,8.589,7.861,17.217,32.789,27.024,29.346,,143.202
2/7/16,134,5.555,2.61,3.026,2.936,6.542,10.126,6.906,8.732,,46.431
2/8/16,173,32.243,17.396,17.532,17.297,40.304,76.812,69.961,81.885,,352.951
2/9/16,199,33.348,17.773,17.503,17.75,41.311,77.473,70.874,82.92,,358.491
2/10/16,230,36.214,19.397,19.605,19.422,44.092,83.271,75.496,88.635,,385.681
2/11/16,191,35.427,19.209,19.347,19.265,43.233,82.409,74.704,86.047,,379.133
2/12/16,177,34.472,19.08,19.996,18.809,42.818,79.76,71.381,83.364,,369.199
2/13/16,166,15.42,9.569,10.645,9.146,19.335,37.522,30.284,32.146,,163.888
2/14/16,139,6.648,3.056,3.085,3.166,6.54,10.423,7.18,8.957,,49.04
2/15/16,139,38.8,20.476,20.237,19.381,44.611,85.779,78.736,91.451,,398.86
2/16/16,128,39.144,20.466,20.519,20.326,45.436,87.418,78.943,90.989,,402.682
2/17/16,142,37.637,20.086,21.202,20.163,44.857,85.982,77.789,88.704,,395.894
2/18/16,103,37.947,20.836,21.633,20.213,44.748,84.895,77.065,88.112,,394.887
2/19/16,90,35.584,19.227,20.105,19.025,42.625,80.858,72.521,82.199,,371.606
2/20/16,90,16.309,9.875,11.304,9.479,20.372,39.351,33.428,35.076,,174.912
2/21/16,60,6.799,2.853,3.019,3.097,6.726,10.597,7.265,9.114,,49.375
2/22/16,71,39.09,20.374,20.9,20.305,44.781,86.85,78.895,91.705,,402.268
2/23/16,66,39.843,20.816,21.258,20.579,44.836,87.169,78.571,90.086,,402.526
2/24/16,59,38.98,20.224,21.659,20.469,44.529,85.849,77.677,88.266,,397.052
2/25/16,47,37.614,20.649,21.717,19.817,44.237,85.012,76.747,86.727,,392.02
2/26/16,53,35.407,19.133,19.979,19.334,41.865,79.048,71.002,80.763,,366.019
2/27/16,43,17.792,10.194,11.791,9.391,20.053,39.429,31.704,33.918,,174.04
2/28/16,27,9.013,3.663,4.113,4.104,8.245,13.437,9.939,12.415,,64.881
2/29/16,62,40.315,20.93,21.876,21.284,46.372,89.55,78.309,87.75,,405.748
3/1/16,39,38.638,20.274,20.435,19.287,42.803,81.341,70.189,78.306,,370.823
3/2/16,43,35.686,18.73,19.146,18.369,40.748,78.178,66.066,73.298,,349.797
3/3/16,17,34.931,18.85,19.628,18.301,40.82,77.545,65.485,71.868,,347.012
3/4/16,19,33.083,18.156,18.385,17.097,38.914,73.722,61.444,69.499,,329.906
3/5/16,19,16.899,9.526,10.729,8.877,18.993,36.779,27.947,28.468,,158.023
3/6/16,11,7.069,2.772,3.016,3.053,6.792,11.124,7.568,9.3,,50.607
3/7/16,10,36.453,19.012,19.306,18.001,40.121,76.48,65.574,72.056,,346.515
3/8/16,15,35.995,19.573,18.82,17.623,39.396,75.73,65.723,73.98,,346.424
3/9/16,10,36.645,19.47,19.226,17.835,40.125,77.12,65.446,72.312,,347.711
3/10/16,17,33.146,18.182,18.463,17.419,37.019,68.518,59.236,67.123,,318.668
3/11/16,11,31.527,17.16,17.933,16.945,36.277,65.788,56.734,63.394,,305.351
3/12/16,8,17.059,9.722,10.804,9.25,18.634,36.645,28.1,29.038,,159.046
3/13/16,9,7.642,2.886,2.979,3.111,6.716,10.757,7.086,9.304,,50.389
3/14/16,8,35.459,18.868,18.702,17.782,38.413,70.811,61.609,69.25,,330.483
3/15/16,13,37.841,19.785,20.043,18.782,41.722,78.914,67.43,75.807,,359.888
3/16/16,11,36.418,19.688,19.964,18.38,40.938,77.804,66.128,74.897,,353.807
3/17/16,14,34.992,19.011,19.828,18.226,40.502,77.111,64.975,71.04,,345.276
3/18/16,14,34.046,18.444,18.558,17.856,39.623,74.418,62.578,69.597,,334.749
3/19/16,11,17.082,9.137,9.769,8.721,18.378,35.662,27.404,28.762,,154.765
3/20/16,11,7.825,3.127,3.143,3.15,6.724,10.458,7.001,9.302,,50.666
3/21/16,7,8.336,3.429,3.549,3.525,7.042,11.143,7.442,9.947,,54.359
3/22/16,11,32.066,17.349,17.579,17.064,36.137,68.879,57.526,63.946,,310.194
3/23/16,12,27.364,14.456,15.044,14.392,31.643,59.406,49.46,54.821,,266.286
3/24/16,13,6.956,3.227,3.075,2.951,6.121,9.583,6.693,8.941,,47.494
3/25/16,6,6.853,2.861,2.714,2.576,5.815,9.009,6.314,8.987,,45.092
3/26/16,4,9.813,4.631,4.554,4.507,10.61,19.098,13.843,14.869,,81.81
3/27/16,6,6.792,2.893,3.046,3.235,6.715,9.982,6.507,8.625,,47.742
3/28/16,7,35.583,18.957,18.037,17.694,39.354,74.078,63.789,72.805,,339.848
3/29/16,11,36.488,19.302,24.778,21.296,43.466,86.405,71.377,84.751,,387.425
3/30/16,9,33.854,18.064,17.645,17.706,37.377,70.262,60.887,69.821,,325.252
3/31/16,14,35.132,18.22,19.297,18.472,40.477,79.724,68.409,78.067,,357.341
4/1/16,10,34.784,19.074,19.049,18.948,43.019,83.104,72.871,83.328,,373.601
4/2/16,47,15.977,9.284,10.718,9.153,19.887,38.454,29.986,31.511,,164.764
4/3/16,6,6.801,3.095,3.244,3.203,7.179,11.452,7.551,9.883,,52.268
4/4/16,6,38.161,20.19,20.663,20.069,45.616,88.106,78.501,90.463,,401.128
4/5/16,6,40.504,21.387,21.776,20.862,47.167,89.615,80.065,93.196,,413.909
4/6/16,8,38.366,21.884,21.839,20.311,45.273,85.697,77.069,88.398,,398.221
4/7/16,5,38.917,21.254,22.385,20.629,46.35,88.454,79.426,93.107,,409.872
4/8/16,5,37.542,20.236,21.514,20.225,45.027,85.83,74.793,84.843,,389.383
4/9/16,6,17.572,10.285,10.891,9.603,20.525,40.575,32.247,34.286,,175.693
4/10/16,1,7.062,2.925,3.023,3.308,6.736,10.815,7.308,9.538,,50.582
4/11/16,7,41.632,21.749,22.275,21.911,47.584,91.426,82.21,94.991,,423.151
4/12/16,4,41.963,22.403,22.952,21.537,47.774,91.746,82.139,94.785,,424.6
4/13/16,1,42.124,23.13,24.933,22.503,47.652,91.306,81.44,94.035,,426.447
4/14/16,1,41.122,21.429,23.018,21.501,47.524,90.957,81.078,92.267,,418.248
4/15/16,4,39.07,20.794,21.353,20.749,45.236,85.628,75.498,86.509,,394.17
4/16/16,1,18.364,10.105,11.226,10.145,21.516,41.064,32.877,34.189,,179.19
4/17/16,1,7.567,2.991,2.995,3.261,6.857,11.014,6.976,9.446,,50.977
4/18/16,2,43.326,22.063,22.828,22.18,49.473,94.53,83.551,95.175,,432.431
4/19/16,1,44.008,23.178,23.464,22.239,49.811,94.462,84.178,95.397,,436.039
4/20/16,2,42.088,22.618,23.395,21.966,47.546,91.68,81.675,92.968,,423.278
4/21/16,1,40.808,21.975,23.43,21.682,47.072,90,79.785,90.587,,414.697
4/22/16,1,39.149,20.543,21.596,20.608,45.036,85.616,75.239,84.535,,391.792
4/23/16,3,18.731,10.342,11.132,9.671,20.569,39.915,31.765,33.439,,175.277
4/24/16,3,7.67,2.833,2.853,3.028,6.685,10.81,7.045,9.182,,50.03
4/25/16,,42.574,22.238,22.728,21.153,46.591,90.425,81.118,89.88,,416.099
4/26/16,1,43.916,22.261,23.794,22.058,47.365,90.599,81.409,91.399,,422.188
4/27/16,,41.541,21.596,22.554,21.182,45.517,88.059,78.965,87.963,,406.747
4/28/16,2,39.351,20.778,21.748,19.83,44.222,85.343,76.223,86.789,,393.721
4/29/16,1,45.617,26.068,22.191,19.703,42.206,80.61,70.863,80.146,,386.831
4/30/16,,26.899,12.897,14.067,12.179,23.72,45.652,37.637,41.313,,214.036
5/1/16,,8.511,3.747,4.158,4.011,7.948,12.373,9.896,14.691,,65.27
5/2/16,,38.506,20.13,20.808,19.109,44.198,85.476,75.183,87.338,,389.904
5/3/16,,39.854,21.519,21.904,20.279,46.069,87.246,77.359,88.348,,401.703
5/4/16,,38.856,21.439,22.563,20.515,44.996,85.714,75.557,87.234,,395.967
5/5/16,,39.785,21.448,22.094,19.917,45.338,86.047,74.867,86.664,,395.299
5/6/16,,35.453,19.546,20.343,18.956,42.405,80.009,69.454,81.407,,366.796
5/7/16,,17.168,9.712,10.232,9.015,19.558,37.158,29.06,30.297,,161.801
5/8/16,,6.941,2.735,2.773,2.896,5.941,8.971,6.112,8.012,,44.27
5/9/16,,7.916,3.201,3.198,3.124,6.74,10.418,6.971,9.254,,50.691
5/10/16,,39.139,21.27,21.341,19.718,43.829,84.299,73.724,86.311,,388.775
5/11/16,,38.447,21.228,21.657,19.653,43.273,80.516,70.787,83.343,,378.014
5/12/16,,35.222,19.478,20.673,18.61,39.136,72.477,65.589,77.958,,348.268
5/13/16,,35.687,20.701,21.828,19.715,40.768,76.975,67.53,77.95,,360.297
5/14/16,,18.189,10.481,11.188,9.488,19.618,36.719,28.964,31.894,,166.099
5/15/16,,7.808,3.277,3.523,3.195,6.522,10.466,7.122,9.234,,51.039
5/16/16,,40.201,22.422,22.361,19.8,43.932,83.01,73.189,85.778,,389.774
5/17/16,,42.517,23.546,23.517,20.637,45.469,84.622,74.853,87.815,,401.983
5/18/16,,40.721,23.057,23.352,20.707,44.838,83.842,73.845,87.74,,397.203
5/19/16,,40.275,23.132,23.246,20.798,44.126,82.606,72.545,85.53,,391.314
5/20/16,,37.774,21.097,21.772,19.749,41.663,79.266,69.236,80.551,,370.253
5/21/16,,20.36,11.07,11.503,9.719,21.031,40.334,33.391,35.531,,182.493
5/22/16,,8.78,3.518,3.728,3.529,6.694,10.623,7.076,9.659,,53.473
5/23/16,,43.756,23.032,22.693,20.816,46.279,89.243,78.593,91.325,,414.845
5/24/16,,44.368,23.891,24.084,21.781,47.421,89.844,79.15,92.223,,421.884
5/25/16,,43.265,23.48,23.523,21.348,45.042,87.872,78.89,92.068,,414.615
5/26/16,,40.609,22.403,22.877,20.598,43.58,84.836,75.6,88.463,,398.154
5/27/16,,38.338,21.64,22.04,20.489,47.952,91.096,78.018,86.765,,405.583
5/28/16,,18.808,10.369,11.57,9.605,19.542,37.607,29.895,32.512,,169.581
5/29/16,,7.979,3.012,3.376,3.233,6.733,10.557,7.193,9.255,,51.259
5/30/16,,8.794,3.861,4.009,3.707,6.948,11.324,7.663,10.188,,56.421
5/31/16,,42.184,22.877,22.396,20.384,44.678,87.965,77.128,88.517,,405.266
6/1/16,,39.923,22.119,21.209,19.507,42.703,80.667,67.533,74.635,,367.653
6/2/16,,35.901,19.761,18.951,17.51,39.544,74.382,62.705,68.337,,336.401
6/3/16,,33.186,18.17,18.015,17.108,38.1,71.311,58.555,62.875,,316.763
6/4/16,,16.526,9.303,9.061,8.039,17.953,34.023,25.1,25.255,,144.96
6/5/16,,7.763,3.444,3.251,3.247,6.893,10.786,7.482,9.292,,52.042
6/6/16,,8.524,3.623,3.725,3.607,7.278,11.674,7.974,9.842,,56.115
6/7/16,,38.048,20.047,18.891,18.373,41.559,77.538,65.033,71.143,,350.068
6/8/16,,37.602,19.805,19.452,18.765,41.521,77.204,64.713,70.277,,348.625
6/9/16,,36.207,19.247,18.698,17.839,40.192,74.502,61.381,66.677,,334.132
6/10/16,,33.995,17.912,18.089,16.85,38.435,71.416,58.878,62.91,,317.901
6/11/16,,15.659,8.987,9.493,8.296,17.613,33.873,24.392,24.264,,142.285
6/12/16,,6.844,2.992,3.011,3.064,6.381,10.102,6.645,8.591,,47.534
6/13/16,,34.875,19.508,19.106,17.504,38.901,71.934,60.143,64.271,,325.7
6/14/16,,35.492,20.087,20.177,18.737,39.655,72.39,61.389,65.679,,332.954
6/15/16,,35.066,20.565,20.931,18.829,38.776,71.753,60.651,67.241,,333.225
6/16/16,,35.295,20.106,20.077,18.798,39.823,72.717,60.417,65.27,,331.904
6/17/16,,32.094,18.378,18.387,17.258,36.917,67.419,56.178,60.247,,306.319
6/18/16,,16.702,9.296,9.05,8.476,18.743,34.532,25.83,25.889,,148.211
6/19/16,,6.983,2.866,2.967,3.22,6.402,10.272,7.137,8.976,,48.718
6/20/16,,34.682,19.479,19.899,18.208,39.745,73.307,60.092,62.523,,327.311
6/21/16,,37.913,20.636,21.403,19.758,42.39,79.275,64.926,68.912,,354.578
6/22/16,,37.772,20.77,21.762,19.584,41.038,77.089,64.8,68.593,,350.793
6/23/16,,35.456,20.152,20.632,18.648,39.617,73.53,62.124,65.703,,335.278
6/24/16,,32.387,18.584,18.752,17.147,37.556,70.851,58.677,61.058,,314.503
6/25/16,,16.229,8.833,8.548,7.865,18.642,35.957,26.884,26.434,,149.17
6/26/16,,6.862,3.047,3.273,3.267,6.991,10.915,7.488,9.914,,51.691
6/27/16,,36.325,21.277,20.281,18.531,41.199,77.791,64.458,67.263,,346.571
6/28/16,,37.346,21.161,21.148,20.09,41.93,78.105,64.726,68.377,,352.33
6/29/16,,35.696,21.735,21.903,19.776,40.313,75.173,62.46,65.119,,341.628
6/30/16,,41.991,27.382,27.525,25.292,50.433,89.752,68.257,72.77,,402.752
7/1/16,,31.62,18.478,19.202,18.311,39.788,74.479,60.597,63.489,,325.273
7/2/16,,13.428,7.759,7.716,6.905,16.949,32.772,23.436,22.557,,131.231
7/3/16,,5.32,2.427,2.495,2.765,6.416,9.968,6.577,8.221,,44.059
7/4/16,,6.402,3.113,3.043,3.26,6.77,10.79,7.093,9.02,,49.337
7/5/16,,34.978,19.485,19.65,18.362,42.297,79.52,65.01,69.271,,347.756
7/6/16,,34.386,19.76,19.495,19.002,42.454,79.706,65.751,68.855,,348.674
7/7/16,,34.038,19.719,19.904,19.503,42.941,79.821,65.926,69.151,,350.284
7/8/16,,31.835,18.438,18.993,17.962,41.036,77.145,62.509,64.534,,331.829
7/9/16,,14.701,8.535,9.021,7.877,18.475,36.575,26.554,25.621,,147.096
7/10/16,,5.766,2.754,2.653,2.819,6.362,10.02,6.754,8.599,,45.634
7/11/16,,35.294,19.443,18.834,18.742,42.624,81.403,67.074,69.866,,352.572
7/12/16,,36.669,20.057,19.926,19.344,43.636,82.267,67.663,73.306,,362.167
7/13/16,,36.538,20.266,20.551,19.834,43.433,81.913,67.574,71.066,,360.385
7/14/16,,35.183,19.268,19.026,18.492,42.137,79.605,64.935,68.32,,346.245
7/15/16,,33.09,18.658,18.237,17.761,39.387,75.142,60.975,65.11,,327.666
7/16/16,,15.33,9.117,9.158,8.045,18.239,35.407,25.462,24.775,,145.241
7/17/16,,5.809,2.8,2.616,2.908,6.15,9.625,6.417,7.96,,44.146
7/18/16,,36.06,19.922,19.293,18.053,41.898,80.966,65.732,68.894,,350.124
7/19/16,,37.789,20.666,20.141,19.513,43.176,82.031,66.849,70.487,,359.94
7/20/16,,6.868,3.295,3.584,3.479,7.133,11.625,7.844,10.129,,53.842
7/21/16,,36.638,20.164,19.609,19.484,42.569,80.809,66.055,69.68,,354.339
7/22/16,,34.645,19.258,19.068,18.253,41.088,77.361,62.268,64.868,,336.291
7/23/16,,16.042,9.37,9.52,8.443,17.906,35.991,26.556,25.742,,149.327
7/24/16,,5.918,2.653,2.495,2.859,6.145,9.763,6.135,7.868,,43.766
7/25/16,,37.087,20.87,19.799,18.867,42.684,81.321,66.962,69.474,,356.416
7/26/16,,39.021,21.295,20.312,19.327,43.228,82.858,67.57,71.965,,364.803
7/27/16,,36.982,20.562,20.558,18.777,42.206,80.25,66.502,69.059,,354.216
7/28/16,,36.237,20.194,20.144,18.861,41.188,78.211,64.674,67.698,,346.624
7/29/16,,35.228,19.541,19.46,18.313,39.628,75.348,61.357,63.972,,332.308
7/30/16,,27.781,17.869,18.325,14.857,24.615,39.954,30.256,32.511,,205.835
7/31/16,,7.091,3.536,3.431,3.214,7.551,12.411,8.665,12.574,,58.376
8/1/16,,35.299,20.508,20.815,18.917,43.702,84.396,71.16,77.573,,371.597
8/2/16,,35.985,20.159,20.188,18.772,42.824,82.32,69.253,75.924,,364.545
8/3/16,,34.856,19.631,19.885,18.549,41.924,80.403,68.585,75.951,,358.932
8/4/16,,31.436,18.07,18.679,17.548,37.65,71.528,61.338,68.226,,323.728
8/5/16,,30.614,18.218,18.152,17.381,38.696,73.311,61.707,68.002,,325.435
8/6/16,,14.654,9.206,10.092,8.854,18.388,35.711,26.404,26.326,,149.301
8/7/16,,6.094,2.888,3.461,3.088,6.549,10.551,6.569,8.952,,48.013
8/8/16,,35.982,20.874,20.717,19.235,43.047,81.97,68.381,73.498,,362.933
8/9/16,,36.858,21.15,21.179,19.858,42.986,83.52,70.03,76.959,,371.788
8/10/16,,35.47,20.482,21.092,20.013,42.93,82.448,70.002,76.145,,367.783
8/11/16,,34.069,20.197,21.165,19.707,41.016,78.674,67.006,73.674,,354.712
8/12/16,,32.137,19.094,19.58,18.723,40.172,75.551,62.911,68.223,,335.648
8/13/16,,13.5,7.924,8.747,7.959,16.47,30.589,23.303,24.376,,132.551
8/14/16,,5.466,2.611,2.73,2.772,6.183,9.075,6.125,8.532,,43.399
8/15/16,,6.541,3.607,3.573,3.547,7.426,11.015,7.176,9.616,,52.39
8/16/16,,38.197,21.597,21.325,19.802,43.775,85.038,70.741,78.29,,377.93
8/17/16,,36.346,20.765,21.196,19.651,43.531,82.831,69.916,76.947,,370.387
8/18/16,,35.284,20.222,20.752,19.085,42.434,81.841,68.054,74.618,,361.574
8/19/16,,33.349,19.754,19.424,17.877,40.938,79.074,65.053,70.029,,344.848
8/20/16,,15.38,9.345,10.11,8.597,18.656,34.971,26.737,28.038,,151.497
8/21/16,,5.96,2.727,2.699,2.944,6.456,9.98,6.604,8.956,,46.212
8/22/16,,37.045,20.984,20.547,19.205,43.817,83.683,70.034,75.968,,370.565
8/23/16,,37.812,21.497,21.985,19.836,43.617,84.222,70.726,77.125,,376.085
8/24/16,,37.128,21.029,21.287,19.267,42.474,82.621,69.425,74.05,,366.543
8/25/16,,36.332,20.407,20.106,18.927,41.905,81.258,67.64,72.078,,357.979
8/26/16,,32.228,18.876,19.381,17.906,39.711,75.489,62.973,67.376,,333.323
8/27/16,,15.645,9.83,10.698,9.395,19.233,36.583,27.793,27.525,,156.439
8/28/16,,5.923,2.685,2.612,2.788,6.264,9.866,6.936,9.218,,46.228
8/29/16,,37.003,20.982,20.633,18.927,42.687,83.268,70.997,75.034,,368.813
8/30/16,,37.948,21.186,21.108,19.5,43.291,84.385,71.145,76.555,,374.48
8/31/16,,36.51,21.2,22.523,23.622,48.908,94.105,76.223,78.788,,401.252
9/1/16,,34.89,20.743,21.345,19.464,45.859,88.442,80.465,100.437,,410.813
9/2/16,,31.495,18.836,19.346,17.979,44.479,82.455,71.616,82.863,,368.438
9/3/16,,15.209,9.416,10.103,8.873,20.406,38.754,30.409,31.894,,164.767
9/4/16,,5.682,2.979,2.862,2.622,6.096,9.92,6.619,9.117,,45.831
9/5/16,,36.945,20.97,20.464,19.083,46.69,89.385,79.26,92.664,,404.703
9/6/16,,37.052,21.335,21.156,19.451,47.387,90.112,80.495,94.523,,410.782
9/7/16,,36.421,21.13,21.316,19.771,46.065,88.422,79.05,91.907,,403.348
9/8/16,,36.043,20.325,20.4,19.475,47.394,89.184,78.572,91.648,,402.288
9/9/16,,34.083,19.998,19.205,17.971,44.236,83.144,72.785,84.871,,375.686
9/10/16,,15.581,9.618,10.113,8.992,20.46,38.951,30.516,32.466,,166.425
9/11/16,,5.897,2.632,2.786,2.818,6.48,9.962,6.507,8.942,,45.944
9/12/16,,37.564,21.887,21.398,19.687,47.239,89.561,79.736,92.357,,408.701
9/13/16,,37.911,21.819,21.46,19.925,47.063,90.47,80.422,93.123,,411.474
9/14/16,,37.012,21.89,21.389,19.522,46.214,88.99,79.231,93.924,,407.43
9/15/16,,34.712,20.377,20.636,18.98,44.351,85.538,76.54,90.033,,390.487
9/16/16,,33.222,19.48,19.398,18.027,43.539,82.17,71.283,82.675,,369.134
9/17/16,,14.889,9.29,9.907,8.412,19.638,37.263,29.213,30.997,,159.333
9/18/16,,6.067,2.964,2.962,2.889,6.983,10.737,6.799,9.011,,48.344
9/19/16,,37.462,21.159,20.646,19.372,46.839,88.495,77.231,88.342,,398.807
9/20/16,,39.004,22.262,22.275,20.651,47.632,91.095,79.225,89.858,,411.208
9/21/16,,36.891,21.326,21.904,19.717,46.768,90.286,77.928,86.808,,400.872
9/22/16,,36.583,21.626,22.056,20.34,46.978,89.405,77.228,86.568,,400.037
9/23/16,,33.865,19.553,20.072,18.644,43.8,82.892,71.179,80.211,,369.545
9/24/16,,15.204,9.378,9.707,8.473,20.07,37.461,29.035,29.786,,158.83
9/25/16,,5.697,2.643,2.387,2.468,6.189,9.625,6.768,8.557,,44.249
9/26/16,,37.157,20.912,20.361,19.25,46.607,88.79,77.195,86.614,,396.159
9/27/16,,38.564,22.087,21.599,19.742,47.463,90.394,79.064,88.237,,406.369
9/28/16,,36.699,20.667,19.774,18.749,45.175,86.391,75.315,83.86,,385.85
9/29/16,,34.905,20.557,20.189,18.935,44.253,84.462,73.113,81.44,,377.126
9/30/16,,31.827,19.921,19.319,18.053,41.79,80.01,85.846,92.465,,388.503
10/1/16,,15.616,9.682,10.254,9.128,20.757,40.011,34.116,42.821,,182.178
10/2/16,,5.457,2.568,2.573,2.695,5.988,9.204,6.212,8.127,,42.779
10/3/16,,35.393,20.155,20.16,18.928,45.173,87.319,76.347,87.974,,390.919
10/4/16,,35.817,19.991,19.765,18.655,45.462,87.423,78.413,89.876,,394.818
10/5/16,,34.532,19.667,20.088,18.627,44.856,86.895,76.672,88.358,,389.115
10/6/16,,33.734,18.859,19.081,18.04,44.058,85.221,74.968,85.403,,378.826
10/7/16,,31.325,17.361,17.478,16.801,40.663,78.1,69.014,80.762,,350.979
10/8/16,,15.066,8.828,9.44,8.39,19.266,37.842,29.573,31.022,,159.211
10/9/16,,5.785,2.475,2.555,2.728,6.277,9.784,6.477,8.403,,44.42
10/10/16,,35.608,20.249,20.718,19.326,45.108,85.988,76.202,88.229,,390.928
10/11/16,,35.688,20.65,21.718,19.541,43.903,84.764,74.453,85.121,,385.289
10/12/16,,34.513,20.423,21.376,19.581,43.543,83.695,73.985,83.675,,380.27
10/13/16,,33.47,19.578,20.733,19.081,41.425,79.599,70.542,80.399,,364.291
10/14/16,,31.934,18.746,19.712,18.291,40.466,76.948,66.641,74.895,,347.118
10/15/16,,14.225,8.035,8.533,7.707,18.456,35.058,27.424,28.504,,147.749
10/16/16,,5.508,2.296,2.684,2.855,6.483,9.761,6.247,8.052,,43.84
10/17/16,,5.989,2.642,2.968,3.103,6.856,10.937,7.522,10.213,,50.176
10/18/16,,36.893,20.187,19.753,18.919,45.032,86.58,75.878,88.631,,391.311
10/19/16,,37.819,20.919,20.463,19.081,46.632,89.264,78.928,90.698,,403.212
10/20/16,,36.189,20.187,20.353,19.525,45.149,85.96,76.565,88.378,,391.697
10/21/16,,34.335,19.161,18.703,18.186,43.499,83.181,72.138,81.615,,370.284
10/22/16,,16.293,9.655,10.021,8.6,20.489,38.771,30.259,31.981,,165.83
10/23/16,,5.932,2.607,2.783,2.992,6.537,9.913,6.842,8.601,,46.159
10/24/16,,37.61,20.699,20.211,18.9,45.807,88.723,78.73,88.87,,398.966
10/25/16,,41.203,25.665,25.35,23.387,54.042,104.582,92.141,99.681,,465.451
10/26/16,,37.113,20.603,20.469,19.153,44.772,85.683,76.243,87.486,,390.925
10/27/16,,36.095,20.17,20.821,19,43.344,84.963,75.071,85.522,,384.428
10/28/16,,32.598,18.576,18.404,17.167,39.812,76.677,67.901,76.694,,347.275
10/29/16,,18.986,10.101,10.088,8.845,19.529,37.25,30.45,32.752,,167.762
10/30/16,,5.894,2.721,2.926,3.05,6.676,10.286,7.258,8.996,,47.759
10/31/16,,33.101,18.393,19.104,17.597,42.338,82.783,74.571,84.671,,371.984
11/1/16,,36.018,21.565,21.307,19.3,45.851,87.637,80.485,94.364,,405.798
11/2/16,,35.679,20.599,20.686,19.09,46.863,90.674,80.716,87.788,,401.45
11/3/16,,33.764,19.844,20.245,17.861,44.078,84.025,73.946,83.193,,376.274
11/4/16,,31.953,18.724,18.92,17.538,41.157,79.079,69.128,78.417,,354.273
11/5/16,,14.628,8.841,9.872,8.579,19.409,37.398,29.404,30.039,,157.869
11/6/16,,5.849,2.749,2.922,2.824,6.531,10.349,6.691,8.44,,46.296
11/7/16,,6.504,3.291,3.596,3.691,7.444,11.249,7.416,10.071,,53.193
11/8/16,,38.053,21.535,20.503,18.782,44.973,86.106,76.156,90.166,,395.544
11/9/16,,38.277,21.152,21.08,19.254,46.715,90.41,79.438,92.136,,407.768
11/10/16,,35.556,19.716,19.384,17.79,42.496,81.432,72.445,83.949,,372.127
11/11/16,,31.126,18.447,18.039,16.027,39.563,75.216,65.766,75.787,,339.41
11/12/16,,14.304,8.583,8.8,7.629,18.063,34.889,27.961,29.837,,149.792
11/13/16,,5.644,2.659,2.824,2.76,6.441,9.813,6.474,8.379,,44.931
11/14/16,,6.129,3.265,3.075,2.766,6.831,10.573,7.128,9.747,,49.454
11/15/16,,36.86,20.117,19.615,17.435,43.621,82.759,72.888,85.18,,377.787
11/16/16,,38.078,21.018,20.634,18.333,44.499,84.783,74.467,85.489,,386.642
11/17/16,,36.022,20.162,20.322,18.106,43.253,83.431,73.621,83.485,,377.74
11/18/16,,33.778,18.823,18.542,16.774,41.041,78.087,68.578,77.719,,352.704
11/19/16,,15.145,9.038,9.058,8.094,19.358,37.522,30.578,31.49,,160.032
11/20/16,,5.547,2.633,2.887,2.893,6.196,10.125,6.908,9.091,,46.229
11/21/16,,37.555,21.305,20.746,18.136,44.34,84.895,74.382,85.247,,385.887
11/22/16,,38.155,21.169,21.117,19.284,45.157,85.365,75.956,86.503,,392.072
11/23/16,,36.774,20.888,20.862,18.779,43.692,82.666,73.354,83.145,,379.505
11/24/16,,35.063,20.37,19.911,17.885,42.804,81.027,71.554,80.246,,368.203
11/25/16,,31.405,17.883,17.827,16.482,40.146,74.9,66.796,75.109,,339.964
11/26/16,,15.131,8.698,8.346,7.437,18.428,35.268,28.746,30.552,,152.34
11/27/16,,5.747,2.626,2.774,2.69,6.364,9.821,6.7,8.505,,45.159
11/28/16,,34.973,20.242,19.416,17.257,42.505,80.041,70.558,80.391,,364.739
11/29/16,,35.756,20.369,20.235,17.485,42.239,79.509,70.872,80.327,,366.116
11/30/16,,40.81,26.692,26.467,23.537,52.231,99.29,87.945,94.942,,451.241
12/1/16,,32.238,18.523,18.71,17.234,38.961,74.867,64.249,69.314,,333.481
12/2/16,,27.929,15.958,16.509,14.782,35.524,68.153,56.147,59.305,,293.791
12/3/16,,13.089,7.564,7.71,6.678,17.269,32.782,23.968,24.048,,132.875
12/4/16,,5.589,2.859,3.346,2.837,6.414,9.768,6.271,8.19,,45.238
12/5/16,,31.447,18.192,18.431,16.78,39.408,75.27,62.858,67.224,,329.006
12/6/16,,32.456,18.392,18.468,17.384,40.032,75.943,63.791,69.239,,335.112
12/7/16,,28.271,16.83,16.897,15.751,36.275,68.105,58.19,64.821,,304.644
12/8/16,,5.344,2.713,3.166,2.824,6.388,9.664,6.511,8.499,,45.06
12/9/16,,25.841,15.213,15.508,14.303,34.249,65.39,53.547,58.278,,281.826
12/10/16,,12.902,7.043,7.7,6.836,17.312,31.972,23.808,24.508,,131.831
12/11/16,,5.145,2.36,2.465,2.577,6.029,9.186,6.007,7.849,,41.585
12/12/16,,33.064,18.898,19.479,17.567,40.902,77.51,64.706,69.011,,340.537
12/13/16,,32.042,18.108,18.614,17.635,39.552,74.654,63.391,67.848,,331.246
12/14/16,,31.246,18.487,18.746,17.137,37.954,72.676,61.945,65.811,,323.455
12/15/16,,30.9,18.304,19.575,18.133,39.037,75.377,62.928,66.065,,329.71
12/16/16,,27.707,16.621,17.241,15.96,35.38,67.647,55.506,58.852,,294.392
12/17/16,,12.117,7.29,7.932,7.049,16.671,31.396,23.348,23.323,,128.87
12/18/16,,4.82,2.398,2.439,2.426,5.969,9.342,5.942,7.772,,41.086
12/19/16,,30.078,17.636,18.522,17.052,39.614,74.433,60.997,64.416,,322.15
12/20/16,,29.337,16.913,17.437,16.694,38.97,73.71,60.923,64.565,,317.947
12/21/16,,27.27,16.115,17.246,16.521,37.796,70.35,58.016,60.757,,303.559
12/22/16,,26.733,16.336,17.552,16.48,36.695,68.69,56.153,58.45,,296.547
12/23/16,,21.065,12.215,12.746,12.725,29.428,54.993,44.121,46.367,,233.244
12/24/16,,5.594,3.106,3.757,3.473,8,13.595,9.935,10.54,,57.937
12/25/16,,3.778,1.747,2.547,2.349,5.155,7.825,5.347,6.702,,35.418
12/26/16,,22.888,12.997,13.601,13.13,31.863,61.555,49.746,49.884,,255.156
12/27/16,,24.919,14.073,14.528,14.876,34.105,64.586,52.505,53.135,,272.197
12/28/16,,24.258,13.804,14.322,14.027,32.832,62.242,49.821,49.891,,260.715
12/29/16,,23.213,13.241,13.54,13.495,31.834,61.379,48.817,48.683,,253.755
12/30/16,,22.872,15.624,16.57,15.778,36.915,71.509,58.564,55.31,,292.798
12/31/16,,6.301,3.22,3.253,3.193,8.153,14.617,10.719,12.476,,61.85
1/1/17,,4.661,2.704,2.685,2.764,6.378,11.013,8.604,13.281,,52.049
1/2/17,,17.847,9.531,10.173,10.185,26.717,52.68,43.626,49.56,,220.087
1/3/17,,24.45,13.016,13.652,13.788,35.161,67.676,55.565,62.072,,285.088
1/4/17,,26.807,14.383,14.651,14.506,36.161,70.077,58.27,64.981,,299.533
1/5/17,,27.311,14.481,16.072,15.77,37.843,72.21,59.847,67.142,,310.33
1/6/17,,26.454,14.186,14.982,15.351,36.242,68.691,56.429,61.224,,293.252
1/7/17,,12.115,6.183,6.697,6.429,16.787,32.069,24.033,25.476,,129.644
1/8/17,,4.566,1.947,1.997,2.281,5.823,9.238,5.74,8.323,,39.873
1/9/17,,5.292,2.808,3.105,2.988,6.917,10.689,7.27,10.497,,49.512
1/10/17,,34.606,18.047,18.648,17.92,42.902,81.508,70.155,82.319,,365.76
1/11/17,,35.84,18.627,19.987,18.595,42.971,81.963,70.749,81.875,,370.214
1/12/17,,46.479,19.198,20.801,19.478,43.739,83.404,70.993,81.937,,385.62
1/13/17,,38.378,22.864,24.455,22.918,49.589,96.696,82.185,92.29,,428.989
1/14/17,,15.497,8.191,8.787,7.919,19.874,39.052,29.715,31.812,,160.703
1/15/17,,5.089,2.514,2.605,2.571,6.592,10.585,6.957,9.77,,46.626
1/16/17,,37.23,19.377,19.836,19.11,44.701,85.009,74.011,85.101,,384.009
1/17/17,,39.043,19.786,20.579,19.57,45.881,86.929,74.786,86.488,,392.61
1/18/17,,37.827,18.737,20.032,19.109,44.041,84.637,73.227,84.38,,381.587
1/19/17,,37.429,19.194,20.649,19.449,45.221,85.074,73.19,84.191,,383.967
1/20/17,,35.277,18.249,19.018,18.535,42.515,81.828,70.173,80.803,,366.022
1/21/17,,17.016,8.782,9.345,8.295,19.975,38.55,30.111,32.48,,164.392
1/22/17,,4.987,2.297,2.565,2.548,6.271,10.21,6.735,9.357,,44.923
1/23/17,,38.356,18.829,19.258,18.42,44.769,86.812,75.181,86.956,,388.155
1/24/17,,38.934,19.075,19.924,19.161,45.199,87.135,76.289,87.51,,392.83
1/25/17,,37.869,18.839,18.966,18.555,44.621,86.499,75.393,85.598,,385.941
1/26/17,,36.916,18.536,18.929,18.538,44.457,85.951,73.803,84.723,,381.452
1/27/17,,35.122,17.681,18.092,17.68,42.813,81.464,70.72,80.235,,363.447
1/28/17,,15.374,8.809,9.744,8.418,19.823,38.292,29.803,31.611,,161.716
1/29/17,,5.238,2.635,2.92,2.573,6.507,10.757,6.773,8.847,,46.176
1/30/17,,36.754,18.448,17.801,17.596,43.762,85.624,74.152,83.713,,377.481
1/31/17,,38.745,19.194,19.677,18.932,45.857,90.516,78.814,89.976,,400.722
2/1/17,,33.169,17.577,16.895,16.676,41.689,80.79,69.379,75.371,,351.092
2/2/17,,32.395,16.472,16.63,16.592,40.992,79.522,68.718,74.279,,345.195
2/3/17,,31.038,16.219,16.044,15.636,40.134,77.635,65.963,70.921,,333.155
2/4/17,,14.146,8.005,8.644,7.361,18.481,35.894,26.935,26.992,,146.283
2/5/17,,5.431,2.396,2.342,2.524,6.139,9.63,6.691,9.248,,44.351
2/6/17,,34.802,17.42,16.965,16.605,42.15,82.208,70.348,76.974,,357.076
2/7/17,,34.283,17.542,17.524,17.308,42.641,82.893,71.484,77.308,,360.531
2/8/17,,34.541,17.724,18.378,17.749,42.296,83.475,71.352,77.14,,362.188
2/9/17,,33.897,17.065,17.299,16.84,41.041,81.01,69.744,75.49,,351.901
2/10/17,,33.758,17.592,17.202,17.127,41.438,80.235,68.923,76.206,,352.013
2/11/17,,15.235,8.747,9.273,7.993,18.584,36.658,27.495,27.617,,151.413
2/12/17,,6.045,2.501,2.471,2.484,6.186,9.922,6.783,9.491,,45.828
2/13/17,,36.177,18.49,18.538,17.751,43.083,84.167,72.261,77.747,,367.744
2/14/17,,36.254,18.719,18.698,17.876,42.189,84.428,72.795,80.474,,370.935
2/15/17,,35.251,18.674,18.444,17.46,41.803,83.226,71.947,78.35,,364.682
2/16/17,,34.817,18.169,18.573,17.387,42.778,82.858,70.843,76.935,,361.836
2/17/17,,33.12,17.103,17.225,16.982,40.626,79.492,67.159,72.052,,343.303
2/18/17,,15.49,8.893,9.395,7.836,18.972,37.093,27.981,29.391,,154.857
2/19/17,,6.244,2.624,2.857,3.007,6.311,9.957,6.735,9.258,,46.943
2/20/17,,36.307,18.761,18.873,17.776,43.591,85.312,72.445,79.421,,372.043
2/21/17,,36.396,18.517,19.398,17.799,42.284,83.825,72.579,79.835,,370.155
2/22/17,,36.19,18.542,19.111,17.931,42.417,82.707,71.519,77.925,,365.861
2/23/17,,34.527,18.273,18.523,17.723,41.986,82.15,70.309,76.227,,359.239
2/24/17,,36.572,21.474,22.513,21.199,47.167,93.444,79.123,83.178,,404.205
2/25/17,,15.217,8.841,9.613,8.042,18.404,35.179,25.933,26.376,,147.415
2/26/17,,5.942,2.528,2.569,2.692,5.981,9.803,6.916,9.218,,45.6
2/27/17,,32.655,16.937,16.514,15.682,39.058,77.198,65.761,71.656,,334.918
2/28/17,,35.755,18.504,19.118,18.262,42.499,84.534,72.223,79.689,,370.042
3/1/17,,32.37,17.683,17.46,16.5,41.246,80.813,69.302,79.008,,353.944
3/2/17,,33.028,17.794,17.418,16.46,41.999,81.336,69.653,81.246,,358.541
3/3/17,,32.199,17.312,17.031,16.266,40.375,79.406,66.975,75.309,,344.436
3/4/17,,15.523,8.881,9.547,7.961,19.057,36.847,27.98,29.556,,155.169
3/5/17,,6.855,2.698,2.702,2.712,6.641,10.504,6.99,9.918,,48.96
3/6/17,,35.825,18.702,18.557,17.46,43.704,85.451,73.793,83.837,,376.924
3/7/17,,35.906,18.452,19.037,17.752,43.649,85.662,74.568,85.003,,379.578
3/8/17,,33.56,17.405,18.246,17.159,41.752,81.651,71.047,80.723,,361.113
3/9/17,,33.164,17.7,18.345,17.17,41.503,80.965,69.841,80.087,,358.395
3/10/17,,32.379,17.886,18.005,16.982,39.957,77.49,67.604,78.523,,348.448
3/11/17,,15.305,8.733,9.21,7.595,18.199,36.191,27.809,29.993,,152.845
3/12/17,,6.09,2.426,2.416,2.369,5.884,9.635,6.565,9.43,,44.753
3/13/17,,36.032,19.226,18.738,17.678,43.031,84.033,73.484,85.821,,377.629
3/14/17,,36.125,18.937,19.189,18.059,42.821,83.18,72.604,83.503,,373.979
3/15/17,,34.717,18.73,19.061,17.7,42.08,82.586,71.627,82.243,,368.322
3/16/17,,34.426,18.587,18.6,17.428,42.101,81.89,71.106,80.821,,364.502
3/17/17,,33.711,17.92,17.739,16.673,41.322,79.337,67.514,75.963,,349.784
3/18/17,,15.757,8.615,9.609,7.898,18.318,35.742,27.24,29.207,,152.196
3/19/17,,6.319,2.493,2.464,2.403,5.833,9.35,6.17,9.208,,44.192
3/20/17,,7.34,3.116,3.164,2.97,6.566,10.766,7.256,11.04,,52.153
3/21/17,,37.263,19.572,19.099,17.982,43.809,84.891,73.436,84.776,,380.361
3/22/17,,37.135,19.632,19.802,18.948,44.295,85.202,74.443,84.748,,383.717
3/23/17,,34.222,18.712,18.413,17.408,42.069,81.356,70.37,80.509,,362.582
3/24/17,,32.199,17.088,17.691,16.973,40.513,77.78,67.717,75.974,,345.5
3/25/17,,16.186,9.163,9.793,8.209,19.373,38.101,28.994,30.699,,160.314
3/26/17,,6.434,2.781,2.762,2.607,6.207,9.926,6.7,9.985,,47.332
3/27/17,,35.714,19.068,19.259,18.251,43.067,85.25,73.988,83.904,,378.004
3/28/17,,35.561,18.656,19.218,18.133,42.205,82.66,71.68,81.345,,368.999
3/29/17,,34.48,18.618,19.177,17.361,40.897,80.074,69.659,78.482,,358.297
3/30/17,,32.419,18.091,19.391,17.503,40.001,78.962,69.599,77.665,,353.18
3/31/17,,36.135,21.586,22.057,21.301,46.024,93.228,80.503,86.846,,407.201
4/1/17,,18.061,10.413,11.85,10.263,24.832,50.048,42.9,54.349,,222.346
4/2/17,,7.003,3.105,2.923,2.987,7.066,11.786,8.402,12.29,,55.45
4/3/17,,39.643,21.554,21.888,20.153,50.602,99.62,93.082,118.395,,464.18
4/4/17,,41.14,21.976,21.967,20.458,50.52,99.569,92.825,116.8,,464.432
4/5/17,,40.447,21.517,22.215,20.084,50.327,98.143,91.857,117.276,,461.103
4/6/17,,38.888,20.463,21.203,19.987,49.56,96.823,89.852,113.419,,449.373
4/7/17,,36.479,19.592,20.095,18.883,47.237,90.903,84.945,106.777,,424.127
4/8/17,,18.38,10.184,11.236,9.592,23.229,45.626,37.979,44.963,,200.846
4/9/17,,6.869,2.632,2.529,2.611,6.595,10.904,8.123,12.674,,52.833
4/10/17,,38.936,20.607,22.842,20.934,48.368,93.446,88.473,113.557,,446.357
4/11/17,,36.348,19.884,21.474,19.902,47.29,89.567,82.195,103.742,,419.653
4/12/17,,31.386,17.175,18.417,17.643,41.031,77.778,72.178,89.813,,364.732
4/13/17,,7.111,2.67,2.82,2.643,6.639,10.454,7.528,12.666,,52.417
4/14/17,,6.215,2.449,2.422,2.406,6.146,9.563,6.835,11.037,,46.958
4/15/17,,9.287,4.217,4.094,4.233,11.189,21.694,16.761,20.762,,92.027
4/16/17,,6.371,2.607,2.54,2.622,6.486,10.321,7.44,11.622,,49.905
4/17/17,,37.997,20.431,20.318,19.579,48.948,94.884,88.948,115.656,,445.889
4/18/17,,40.128,21.189,21.625,20.373,51.141,100.061,93.827,120.576,,468.053
4/19/17,,38.614,21.179,21.867,20.424,50.133,97.57,90.679,116.18,,455.807
4/20/17,,37.156,20.104,21.308,20.2,49.267,96.037,91.046,116.773,,451.091
4/21/17,,35.644,19.438,20.184,19.294,47.379,90.973,85.345,107.709,,425.216
4/22/17,,22.342,11.518,12.256,10.217,24.318,47.703,39.84,47.032,,214.821
4/23/17,,7.096,2.943,3.088,2.886,7.286,11.898,8.42,13.14,,56.647
4/24/17,,41.302,21.509,21.922,20.784,52.208,100.427,94.181,121.513,,472.979
4/25/17,,41.687,21.9,22.669,20.739,51.397,99.69,94.49,120.243,,471.895
4/26/17,,39.902,21.138,22.338,20.28,48.976,95.658,90.981,116.237,,454.652
4/27/17,,39.294,20.659,21.636,20.349,50.129,96.066,91.35,117.54,,456.249
4/28/17,,39.972,23.568,25.5,24.178,54.505,105.343,97.273,118.891,,488.473
4/29/17,,18.64,10.118,11.14,9.626,22.734,44.115,37.811,45.925,,199.773
4/30/17,,10.576,4.648,4.794,4.553,10.456,18.869,16.017,24.352,,93.837
5/1/17,,8.742,3.796,3.608,3.731,9.5,15.068,12.98,26.389,,83.754
5/2/17,,42.185,22.08,21.841,20.812,54.005,103.598,95.083,124.189,,483.407
5/3/17,,40.718,22.154,21.914,20.791,53.454,102.178,93.176,120.22,,474.25
5/4/17,,39.555,21.581,22.046,21.012,53.655,102.732,94.813,119.265,,474.277
5/5/17,,37.625,20.643,20.926,20.161,50.977,96.983,87.254,111.77,,445.962
5/6/17,,18.515,10.369,11.225,9.711,23.919,47.869,39.429,46.597,,207.449
5/7/17,,7.446,3.045,2.921,2.965,7.668,11.804,8.422,12.88,,57.087
5/8/17,,41.197,22.06,22.063,21.186,53,102.255,94.421,121.696,,477.465
5/9/17,,42.162,22.603,23.422,21.3,53.22,101.469,94.41,119.951,,478.165
5/10/17,,42.05,23.692,24.947,22.666,53.612,101.442,93.897,120.058,,481.979
5/11/17,,39.734,21.936,22.514,20.942,51.853,98.908,90.932,116.368,,462.784
5/12/17,,35.973,20.363,21.181,19.898,48.33,92.237,83.489,106.528,,427.646
5/13/17,,17.308,9.923,10.346,9.429,23.042,44.755,36.238,43.436,,194.298
5/14/17,,6.688,3.015,2.666,2.728,7.1,11.154,7.616,11.742,,52.664
5/15/17,,40.429,21.824,22.184,20.675,51.996,99.767,90.759,116.82,,464.056
5/16/17,,42.968,22.859,24.042,21.708,53.836,102.993,94.505,122.764,,485.239
5/17/17,,42.332,22.972,23.787,22.857,53.275,102.685,93.074,120.004,,480.59
5/18/17,,40.557,22.216,23.545,22.256,53.752,102.742,93.321,117.72,,475.71
5/19/17,,39.004,20.889,22.469,21.333,51.392,98.223,88.068,111.325,,452.286
5/20/17,,19.42,10.912,11.33,10.569,25.286,49.411,41.993,49.197,,217.91
5/21/17,,8.012,3.319,3.252,3.278,8.044,13.003,9.235,13.633,,61.693
5/22/17,,42.532,22.663,22.84,21.727,53.503,103.659,94.825,120.72,,482.054
5/23/17,,44.958,23.968,24.156,22.659,54.316,104.94,96.132,122.51,,493.21
5/24/17,,43.509,23.311,24.302,22.771,54.135,104.623,96.292,121.901,,490.426
5/25/17,,42.116,22.476,23.445,22.058,52.331,101.902,92.819,116.257,,473.002
5/26/17,,39.332,21.315,22.271,20.89,49.954,96.266,85.791,107.927,,443.356
5/27/17,,19.753,10.975,11.271,9.671,23.945,46.739,38.243,45.253,,205.644
5/28/17,,7.968,3.305,3.164,3.273,7.854,12.546,8.852,13.627,,60.527
5/29/17,,8.142,3.265,3.203,3.341,7.793,12.16,8.803,14.236,,60.877
5/30/17,,44.545,23.329,23.384,21.628,52.7,101.783,94.013,121.711,,482.583
5/31/17,,42.829,22.499,23.238,27.04,61.35,121.368,108.648,126.73,,533.205
6/1/17,,44.229,24.371,25.713,23.292,55.175,108.606,102.255,136.767,,519.979
6/2/17,,40.955,22.154,23.306,21.653,51.404,99.903,89.172,111.756,,459.93
6/3/17,,20.073,11.269,11.744,10.165,25.266,50.378,41.498,49.136,,219.36
6/4/17,,8.323,3.372,3.192,3.344,8.156,13.088,9.528,14.395,,63.34
6/5/17,,45.313,23.834,24.906,22.639,55.325,110.6,101.091,127.519,,510.846
6/6/17,,46.363,24.562,25.266,23.396,55.728,108.172,97.642,124.039,,504.768
6/7/17,,43.324,23.358,24.541,22.654,53.15,103.199,93.997,120.147,,484.007
6/8/17,,41.478,23.117,24,22.446,52.266,101.49,93.798,118.486,,476.73
6/9/17,,40.773,21.786,22.941,22.124,51.2,98.644,89.735,113.428,,460.276
6/10/17,,20.867,11.382,11.893,10.656,25.378,50.005,42.224,51.904,,224.113
6/11/17,,7.613,3.208,3.094,3.193,7.346,11.79,8.722,13.689,,58.605
6/12/17,,43.011,23.079,24.224,23.022,53.961,103.001,94.333,121.334,,485.584
6/13/17,,45.383,23.897,24.659,23.867,54.277,103.873,95.416,121.708,,492.686
6/14/17,,44.009,22.957,24.175,22.56,53.105,101.762,93.814,119.198,,481.234
6/15/17,,40.908,22.336,23.629,22.528,52.176,100.033,92.688,118.507,,472.449
6/16/17,,39.964,21.241,21.998,21.275,51.469,96.626,87.752,111.417,,451.407
6/17/17,,18.897,10.117,10.51,9.598,24.126,46.768,38.669,47.826,,206.331
6/18/17,,6.918,2.871,2.772,2.917,7.11,11.45,8.248,13.48,,55.7
6/19/17,,8.249,3.6,3.577,3.538,8.465,13.285,9.652,16.016,,66.314
6/20/17,,47.267,24.768,26.592,24.477,56.4,106.085,96.44,124.185,,505.79
6/21/17,,45.125,24.555,27.241,24.793,55.332,104.349,95.81,122.99,,499.825
6/22/17,,44.513,24.343,26.658,24.678,55.983,105.757,96.482,124.428,,502.432
6/23/17,,40.239,22.951,26.03,24.079,52.025,97.937,89.171,113.336,,465.42
6/24/17,,18.982,10.272,10.785,9.799,24.661,47.689,39.837,49.282,,211.098
6/25/17,,7.049,2.992,3.029,3.253,7.615,12.045,8.912,14.48,,59.321
6/26/17,,7.976,3.6,4.133,4.068,9.208,13.209,9.858,16.246,,68.244
6/27/17,,44.533,23.86,25.293,24.483,55.673,103.572,95.023,123.473,,495.484
6/28/17,,44.584,23.73,24.871,24.204,55.411,102.712,94.441,121.679,,491.191
6/29/17,,41.585,22.732,24.394,23.842,53.822,100.431,92.267,117.247,,475.903
6/30/17,,43.629,28.056,28.716,27.228,60.403,117.703,108.439,131.902,,545.623
7/1/17,,19.177,10.815,11.775,10.733,25.472,49.851,43.495,60.057,,231.227
7/2/17,,7.138,3.474,3.41,3.538,8.49,13.703,10.526,15.913,,66.148
7/3/17,,7.884,3.923,4.282,4.271,9.607,14.997,11.239,17.824,,73.984
7/4/17,,41.839,21.999,21.899,21.926,53.506,99.876,90.557,117.647,,468.927
7/5/17,,41.265,22.926,23.551,23.41,54.935,101.762,92.332,119.727,,479.613
7/6/17,,38.221,21.73,23.212,23.164,53.453,100.386,91.701,117.225,,468.841
7/7/17,,38.114,21.306,22.52,22.78,53.296,100.769,90.492,115.428,,464.462
7/8/17,,17.766,10.511,12.23,10.764,24.482,47.671,39.243,48.023,,210.548
7/9/17,,7.494,3.449,3.476,3.517,8.414,13.418,10.338,16.347,,66.401
7/10/17,,43.668,23.479,24.43,23.776,55.088,103.88,94.83,121.899,,490.744
7/11/17,,43.284,23.865,24.032,23.916,55.666,104.29,94.439,123.01,,492.24
7/12/17,,42.697,23.098,24.222,23.689,54.355,102.5,93.456,119.655,,483.396
7/13/17,,41.486,22.856,24.037,23.295,53.847,100.721,92.933,117.11,,476.004
7/14/17,,39.937,22.119,23.4,22.38,51.29,96.919,87.583,110.284,,453.63
7/15/17,,18.963,11.285,12.333,10.921,24.582,48.639,39.574,47.67,,213.838
7/16/17,,7.386,3.647,3.645,3.874,8.557,13.679,10.476,16.191,,67.405
7/17/17,,43.811,23.888,24.648,23.361,55.621,104.009,94.081,120.526,,489.642
7/18/17,,44.704,24.896,25.579,24.219,55.621,104.639,95.478,121.711,,496.55
7/19/17,,42.852,23.689,24.935,23.552,54.235,101.541,92.595,118.284,,481.39
7/20/17,,8.736,4.144,4.488,4.692,9.497,15.452,11.718,18.246,,76.914
7/21/17,,39.773,22.111,23.842,22.498,51.855,97.338,86.299,109.819,,453.267
7/22/17,,18.808,11.043,11.715,10.609,24.641,47.45,39.063,46.909,,210.092
7/23/17,,7.826,3.447,3.52,3.628,8.42,13.313,10.212,15.527,,65.834
7/24/17,,44.312,24.069,24.72,23.794,54.988,103.628,95.138,122.463,,492.807
7/25/17,,45.286,24.638,25.234,24.202,55.766,103.461,95.514,121.958,,495.738
7/26/17,,43.723,23.949,25.183,23.948,54.198,101.446,93.498,120.143,,485.799
7/27/17,,42.898,23.643,24.904,23.511,52.982,100.233,91.061,113.824,,472.732
7/28/17,,40.104,22.106,30.97,28.295,64.492,117.809,104.092,124.73,,532.307
7/29/17,,23.723,12.277,13.096,10.88,24.588,46.113,38.282,53.977,,222.82
7/30/17,,7.868,3.711,3.911,3.846,8.698,13.968,10.503,16.785,,69.243
7/31/17,,44.434,24.938,25.07,23.211,52.827,102.179,92.318,116.591,,481.237
8/1/17,,46.408,25.721,26.85,25.234,56.262,107.327,103.63,146.949,,537.865
8/2/17,,41.571,22.891,23.947,22.658,51.638,99.309,93.013,123.622,,478.268
8/3/17,,40.782,22.33,23.549,22.644,51.873,99.208,92.637,123.066,,475.748
8/4/17,,38.027,21.057,21.916,21.576,49.693,93.673,87.309,115.13,,448.074
8/5/17,,17.371,9.848,10.994,10.168,22.784,43.115,37.826,47.986,,199.911
8/6/17,,7.126,3.133,3.267,3.312,7.57,11.902,8.972,14.47,,59.696
8/7/17,,7.818,3.447,3.536,3.566,7.953,12.592,9.705,16.605,,65.16
8/8/17,,45.121,24.347,25.175,23.407,54.187,103.593,97.024,133.79,,506.236
8/9/17,,43.788,23.835,25.982,22.893,52.66,101.646,94.8,129.364,,494.586
8/10/17,,42.506,23.719,25.7,23.339,53.923,103.797,97.179,131.416,,501.222
8/11/17,,39.059,21.776,24.733,26.591,61.195,113.825,92.794,120.529,,500.123
8/12/17,,17.936,10.475,11.551,10.335,23.882,45.521,39.821,50.468,,209.833
8/13/17,,7.606,3.309,3.419,3.659,7.649,12.749,9.408,15.033,,62.768
8/14/17,,44.216,24.302,25.655,22.845,53.761,103.391,97.288,131.771,,502.834
8/15/17,,45.819,25.653,26.335,24.313,54.292,104.363,99.352,135.24,,514.965
8/16/17,,43.321,24.394,26.226,23.754,53.407,102.673,96.061,128.369,,497.861
8/17/17,,43.849,24.321,25.814,23.331,53.131,102.639,96.169,128.493,,497.406
8/18/17,,39.785,22.518,24.224,21.753,50.133,96.579,89.24,117.884,,461.769
8/19/17,,17.331,9.884,11.114,9.784,22.551,43.394,36.953,46.658,,197.533
8/20/17,,7.194,3.328,3.565,3.315,7.349,11.779,8.631,14.458,,59.561
8/21/17,,7.836,3.465,4.116,3.935,8.32,13.225,9.973,17.757,,68.555
8/22/17,,46.137,25.094,26.005,23.501,54.182,105.793,99.548,134.743,,514.605
8/23/17,,45.723,25.219,26.707,24.022,54.805,105.626,99.607,132.875,,514.191
8/24/17,,44.109,25.251,25.943,23.681,54.944,107.13,100.266,132.837,,513.815
8/25/17,,40.348,23.01,23.719,21.893,50.969,98.351,92.368,122.943,,473.245
8/26/17,,19.377,11.571,12.764,11.068,25.579,50.567,44.562,54.375,,229.676
8/27/17,,7.738,3.622,3.671,3.529,8.285,13.319,10.031,15.873,,66.009
8/28/17,,44.503,24.474,26.259,23.076,54.337,108.137,102.9,135.648,,518.935
8/29/17,,46.061,24.725,26.857,23.017,55.114,107.829,103.609,135.859,,522.656
8/30/17,,44.099,24.281,26.283,27.533,63.974,122.566,104.32,132.586,,545.184
8/31/17,,44.575,25.418,36.163,32.551,69.093,111.785,102.817,134.869,,556.802
9/1/17,,46.339,26.219,27.195,25.022,60.867,119.77,110.372,147.835,,563.17
9/2/17,,20.66,12.666,14.329,12.207,28.151,55.256,45.675,54.149,,242.871
9/3/17,,8.723,3.781,4.125,4.059,9.216,14.796,10.66,16.531,,71.821
9/4/17,,48.484,26.696,27.242,25.083,61.387,120.149,108.671,140.286,,557.551
9/5/17,,48.72,26.917,27.809,25.608,60.565,118.357,108.271,139.562,,555.413
9/6/17,,48.221,27.064,28.203,25.755,60.299,117.637,107.036,136.421,,550.213
9/7/17,,45.489,25.721,26.816,25.338,57.202,112.631,100.265,125.274,,518.352
9/8/17,,44.137,25.115,25.571,24.06,57.166,111.162,99.071,125.158,,511.049
9/9/17,,21.021,12.615,13.788,11.778,27.13,53.819,43.837,51.934,,235.734
9/10/17,,9.517,4.171,4.34,4.134,9.633,16.055,12.76,19.208,,79.75
9/11/17,,50.292,27.95,28.698,25.782,62.487,122.348,110.366,142.539,,570.072
9/12/17,,51.732,29.047,30.097,26.772,63.322,124.26,112.374,145.905,,583.075
9/13/17,,49.274,26.352,28.32,25.558,61.248,120.125,110.424,144.782,,565.646
9/14/17,,46.614,26.485,27.61,24.757,59.894,115.726,106.107,137.447,,544.197
9/15/17,,44.746,25.239,25.911,24.199,58.081,112.841,102.446,132.563,,525.612
9/16/17,,20.563,12.675,13.576,11.816,27.404,53.573,44.04,53.095,,236.547
9/17/17,,8.948,3.76,3.741,4.081,9.163,14.316,10.602,16.636,,71.178
9/18/17,,50.803,27.897,27.976,26.401,62.197,123.457,110.242,140.02,,568.564
9/19/17,,52.783,29.551,30.94,27.259,63.474,124.009,113.05,143.164,,583.785
9/20/17,,50.744,28.008,29.461,26.466,62.156,123.065,111.973,141.754,,573.23
9/21/17,,49.145,27.764,28.971,26.296,62.419,121.809,110.521,138.78,,565.295
9/22/17,,46.637,27.787,29.09,24.875,58.816,114.484,101.085,127.3,,529.677
9/23/17,,22.089,13.219,14.571,12.311,28.853,56.861,46.402,54.891,,248.986
9/24/17,,9.132,3.901,3.892,3.85,9.122,15.076,10.877,16.627,,72.409
9/25/17,,52.21,29.339,29.512,26.487,62.997,123.934,112.143,141.671,,577.855
9/26/17,,52.909,29.039,30.793,27.538,63.275,123.956,113.466,142.234,,582.721
9/27/17,,51.01,28.172,29.114,26.555,62.192,120.756,110.116,138.424,,565.901
9/28/17,,51.737,27.405,31.504,33.606,75.591,145.859,131.699,156.967,,653.828
9/29/17,,45.947,25.811,26.903,24.881,57.957,113.146,102.785,131.188,,528.181
9/30/17,,26.314,15.094,16.819,14.854,32.171,62.864,54.491,70.251,,292.608
10/1/17,,10.694,5.058,4.722,4.712,11.249,19.809,16.742,29.28,,102.203
10/2/17,,48.145,26.078,26.739,24.78,59.826,116.668,106.935,138.564,,547.249
10/3/17,,48.86,26.788,26.921,25.039,59.746,116.601,105.115,134.178,,542.812
10/4/17,,47.989,26.432,26.64,25.188,59.639,117.104,105.37,136.236,,544.163
10/5/17,,46.272,25.654,26.24,24.304,58.127,114.014,102.257,130.077,,526.535
10/6/17,,44.568,23.766,24.069,23.784,56.864,110.064,97.881,125.256,,505.887
10/7/17,,22.258,12.673,13.663,11.847,27.325,54.096,43.993,51.468,,237.135
10/8/17,,8.659,3.716,3.475,3.509,8.739,14.23,10.13,15.074,,67.478
10/9/17,,48.412,26.587,27.124,24.864,58.927,116.701,104.375,131.871,,538.427
10/10/17,,51.522,28.734,29.22,26.906,61.225,119.769,108.783,138.478,,564.178
10/11/17,,49.086,26.294,27.144,24.768,58.314,113.923,103.535,130.031,,532.631
10/12/17,,48.557,27.347,27.927,25.487,59.554,116.062,103.71,131.432,,539.634
10/13/17,,46.078,25.217,27.115,24.904,56.907,110.551,98.82,123.683,,512.875
10/14/17,,21.32,11.664,12.2,10.755,26.235,50.711,41.616,49.747,,224.078
10/15/17,,8.378,3.666,3.331,3.703,8.905,14.474,10.113,16.336,,68.849
10/16/17,,8.889,3.797,3.851,3.897,9.408,14.75,10.436,18.055,,73.035
10/17/17,,53.425,27.591,26.676,25.68,62.535,122.033,109.924,142.279,,569.713
10/18/17,,53.448,27.939,28.55,26.987,62.42,123.371,111.543,143.091,,576.901
10/19/17,,51.546,28.06,29.823,26.705,61.539,121.004,109.249,138.356,,565.845
10/20/17,,47.865,25.489,27.185,25.269,59.018,115.584,103.64,129.983,,533.636
10/21/17,,23.222,12.871,13.896,12.153,28.392,55.279,45.747,54.449,,245.824
10/22/17,,9.033,3.548,3.778,4.075,9.051,14.563,10.185,15.35,,69.519
10/23/17,,52.196,27.1,26.945,25.031,61.326,121.157,111.208,141.028,,565.495
10/24/17,,50.929,27.401,28.233,25.141,61.357,120.075,111.952,141.071,,565.728
10/25/17,,50.41,26.973,27.843,25.842,60.165,118.685,110.215,140.871,,560.557
10/26/17,,47.789,26.114,27.64,25.088,59.592,118.251,108.785,138.033,,550.816
10/27/17,,45.888,24.952,25.881,23.179,56.2,110.613,102.185,128.277,,516.717
10/28/17,,27.619,14.198,14.682,12.733,28.069,55.507,46.585,58.402,,257.601
10/29/17,,7.913,3.255,3.136,3.386,8.325,13.496,9.865,15.227,,64.543
10/30/17,,49.366,25.852,25.897,23.863,60.271,120.865,110.364,138.597,,554.57
10/31/17,,59.931,34.428,35.186,31.82,69.222,135.278,124.907,156.938,,647.175
11/1/17,,54.694,30.243,32.609,30.503,67.555,137.344,129.312,157.648,,639.374
11/2/17,,44.502,24.699,26.049,23.615,58.378,117.27,102.518,122.154,,518.689
11/3/17,,42.919,23.362,24.236,22.817,56.628,111.918,97.642,115.929,,494.933
11/4/17,,19.963,11.858,12.742,11.364,26.289,53.513,42.354,48,,225.819
11/5/17,,8.138,3.558,3.553,3.835,8.928,14.691,10.614,15.523,,68.783
11/6/17,,8.612,3.703,3.881,3.682,8.798,14.477,10.533,15.97,,69.597
11/7/17,,48.764,25.98,26.297,24.147,60.052,118.326,105.188,130.7,,538.938
11/8/17,,49.57,27.057,27.598,25.334,60.365,120.359,107.085,132.947,,549.781
11/9/17,,46.595,25.433,26.419,24.082,58.29,116.057,104.259,128.24,,528.883
11/10/17,,45.335,24.723,25.563,23.457,57.147,111.535,98.936,125.794,,512.007
11/11/17,,20.72,11.739,12.634,11.303,25.916,52.118,42.03,49.314,,225.562
11/12/17,,8.089,3.326,3.264,3.509,8.415,13.637,9.648,15.202,,65.04
11/13/17,,8.647,4.08,4.117,3.925,8.853,14.395,10.104,15.966,,70.03
11/14/17,,49.798,26.786,27.321,24.137,60.333,121.238,107.83,134.546,,551.427
11/15/17,,49.985,26.846,27.277,25.162,59.433,119.2,107.171,134.882,,549.439
11/16/17,,48.39,26.333,28.101,25.091,59.445,118.997,105.116,130.087,,541.043
11/17/17,,45.204,25.048,26.135,23.409,56.676,112.914,98.901,121.368,,509.195
11/18/17,,22.195,12.75,13.618,11.526,27.742,55.647,44.574,51.805,,239.55
11/19/17,,8.012,3.371,3.371,3.546,8.611,14.344,10.039,15.193,,66.428
11/20/17,,49.725,26.888,27.834,25.199,61.819,123.59,111.289,136.034,,561.838
11/21/17,,50.454,27.498,28.21,25.456,61.546,122.036,108.481,132.953,,556.112
11/22/17,,50.06,27.101,28.136,25.5,61.651,122.391,108.796,131.643,,554.738
11/23/17,,48.572,26.581,27.735,25.666,60.469,117.807,105.675,128.624,,540.589
11/24/17,,44.495,23.918,25.05,23.415,55.592,110.244,98.476,119.438,,500.134
11/25/17,,21.833,12.165,13.175,11.555,27.144,53.342,43.932,50.385,,233.274
11/26/17,,8.09,3.531,3.645,3.785,8.913,14.601,10.42,15.631,,68.562
11/27/17,,48.744,26.073,26.72,24.382,58.867,116.545,106.062,128.503,,535.317
11/28/17,,50.59,26.792,27.798,24.87,60.101,118.939,108.33,132.606,,549.508
11/29/17,,48.554,26.045,26.639,29.462,71.501,137.134,124.194,140.008,,602.984
11/30/17,,50.015,27.756,28.485,25.243,58.563,116.003,106.15,131.577,,543.208
12/1/17,,39.76,22.968,22.411,20.448,50.081,98.856,85.223,97.074,,436.413
12/2/17,,18.549,10.193,10.577,9.435,23.709,47.424,36.816,39.803,,196.279
12/3/17,,7.372,3.149,3.477,3.932,9.533,16.473,11.149,14.827,,69.875
12/4/17,,42.265,23.875,22.648,21.041,51.417,102.703,88.263,99.225,,451.062
12/5/17,,44.109,24.386,23.978,22.083,53.114,104.615,90.305,105.152,,467.321
12/6/17,,42.414,23.692,24.022,21.654,51.18,100.627,86.589,98.757,,448.587
12/7/17,,38.414,21.444,21.603,19.785,48.061,93.353,81.047,93.475,,416.795
12/8/17,,7.435,3.301,3.567,3.509,8.518,13.451,9.647,14.879,,64.25
12/9/17,,15.452,8.229,8.046,7.489,20.131,39.843,30.062,32.987,,162.103
12/10/17,,6.91,3.049,3.201,3.418,8.03,13.325,9.467,13.569,,60.915
12/11/17,,42.337,23.657,23.397,21.513,51.405,100.939,87.675,98.639,,449.112
12/12/17,,45.156,25.012,24.779,22.102,52.737,103.977,90.654,101.656,,465.605
12/13/17,,42.307,23.386,24.388,22.035,50.908,99.272,87.16,97.096,,446.113
12/14/17,,41.654,23.336,24.105,21.615,51.506,100.008,86.085,95.707,,443.597
12/15/17,,38.384,21.093,22.629,20.184,47.914,93.234,79.609,87.218,,409.878
12/16/17,,17.793,9.634,10.154,9.062,22.948,44.938,34.823,36.908,,186.045
12/17/17,,7.158,3.13,3.069,3.219,7.995,12.979,9.037,12.977,,59.517
12/18/17,,41.033,22.834,24.262,21.817,50.844,99.766,83.912,92.108,,436.138
12/19/17,,41.081,23.287,25.077,22.67,52.136,101.478,86.206,93.992,,445.476
12/20/17,,40.223,21.696,23.805,22.609,50.63,97.738,82.341,90.97,,429.608
12/21/17,,37.618,21.439,24.003,21.926,49.476,94.054,78.896,85.902,,412.862
12/22/17,,32.471,17.715,19.094,18.141,43.649,83.083,68.735,74.22,,356.734
12/23/17,,12.534,6.701,6.853,6.881,16.91,32.064,24.207,26.013,,132.004
12/24/17,,5.285,2.288,2.593,2.797,6.123,9.715,7.663,11.537,,47.953
12/25/17,,4.929,2.367,2.555,2.669,6.506,10.263,6.805,9.84,,45.899
12/26/17,,32.951,18.829,20.578,18.832,45.025,88.829,72.367,74.934,,371.969
12/27/17,,36.146,20.22,20.38,19.902,47.164,91.314,75.183,79.434,,389.318
12/28/17,,42.608,28.638,28.704,25.493,57.431,110.503,90.142,81.743,,464.828
12/29/17,,27.915,15.905,15.86,15.825,38.852,76.47,60.837,61.866,,313.144
12/30/17,,11.775,6.026,5.957,5.873,15.307,28.965,21.16,22.966,,117.87
12/31/17,,6.712,3.179,3.347,3.523,7.502,13.388,10.657,16.553,,64.807
1/1/18,,5.116,2.609,2.703,2.932,7.257,12.388,9.226,14.374,,56.52
1/2/18,,22.739,12.072,12.819,12.213,35.65,71.8,56.97,60.423,,284.26
1/3/18,,28.709,15.662,15.585,15.846,42.063,84.013,67.515,72.419,,341.222
1/4/18,,30.418,16.862,16.954,16.55,43.639,87.447,70.734,78.384,,360.365
1/5/18,,29.604,16.016,16.569,16.202,42.827,85.234,68.394,73.231,,347.506
1/6/18,,14.338,7.39,7.628,7.731,20.523,41.421,30.399,31.892,,161.107
1/7/18,,5.224,2.348,2.175,2.446,6.605,10.862,6.898,10.651,,47.116
1/8/18,,5.231,2.462,2.399,2.619,6.809,11.402,7.616,12.031,,50.463
1/9/18,,36.783,20.243,19.652,18.876,48.483,95.873,78.031,88.577,,405.677
1/10/18,,39.283,21.165,21.395,20.238,49.414,97.973,80.449,90.54,,419.649
1/11/18,,40.399,21.629,22.25,20.801,50.276,100.696,82.782,91.898,,429.868
1/12/18,,37.918,20.949,21.989,20.427,48.872,97.506,80.386,87.558,,414.781
1/13/18,,18.506,10.007,10.457,9.252,24.197,51.077,38.022,39.086,,200.324
1/14/18,,5.357,2.372,2.397,2.683,6.979,11.94,7.827,11.495,,50.941
1/15/18,,40.554,21.833,21.876,20.446,51.095,102.702,85.034,94.031,,436.728
1/16/18,,42.99,22.674,23.46,21.392,52.399,104.783,87.056,96.011,,449.88
1/17/18,,42.206,22.172,23.128,21.749,51.804,104.058,87.266,95.504,,446.985
1/18/18,,41.868,22.787,23.751,21.988,52.486,104.721,87.2,96.576,,450.468
1/19/18,,39.395,20.912,21.943,20.65,49.955,98.693,81.463,88.748,,420.902
1/20/18,,18.111,10.224,10.928,9.529,24.416,51.207,38.026,39.513,,201.669
1/21/18,,5.175,2.377,2.494,2.748,7.017,11.766,7.892,11.507,,50.856
1/22/18,,42.157,22.083,22.005,20.39,52.855,106.36,87.502,97.613,,450.128
1/23/18,,44.717,22.844,22.528,21.537,54.312,107.94,90.823,100.279,,464.069
1/24/18,,44.249,22.662,22.495,21.489,53.323,106.857,90.118,99.836,,460.062
1/25/18,,42.471,22.008,22.19,21.071,52.891,106.743,90.01,98.263,,454.76
1/26/18,,39.806,20.587,21.289,20.364,50.294,101.267,83.733,90.7,,427.171
1/27/18,,34.24,21.573,21.162,17.475,38.921,76.394,59.879,56.074,,325.396
1/28/18,,5.771,2.567,2.68,2.979,7.422,12.476,8.19,11.784,,53.771
1/29/18,,43.243,21.477,21.04,20.167,52.635,106.453,88.979,97.295,,450.433
1/30/18,,42.561,21.239,20.778,20.261,51.463,102.332,87.138,96.901,,441.797
1/31/18,,43.66,22.386,21.961,21.138,54.377,108.907,92.194,101.06,,464.787
2/1/18,,43.672,23.831,23.175,21.865,57.135,115.295,101.338,121.517,,507.054
2/2/18,,44.635,23.068,22.87,22.896,56.749,113.099,98.266,117.984,,498.911
2/3/18,,20.482,11.898,13.106,11.481,27.315,55.681,43.737,49.249,,232.69
2/4/18,,6.3,2.608,2.665,2.803,7.446,12.424,8.415,12.316,,54.896
2/5/18,,44.911,22.812,22.42,22.077,57.271,117.545,101.795,125.074,,513.235
2/6/18,,45.916,23.535,22.475,22.498,58.192,118.523,105.153,126.564,,522.124
2/7/18,,44.846,22.735,22.999,22.121,56.409,116.914,103.833,127.658,,516.791
2/8/18,,43.532,22.352,23.173,21.723,56.265,114.952,102.536,122.449,,506.316
2/9/18,,41.784,21.74,21.996,20.631,54.579,110.784,97.439,116.472,,484.674
2/10/18,,19.996,11.186,12.343,10.216,25.346,54.202,42.964,47.588,,223.612
2/11/18,,6.529,2.563,2.616,2.871,7.333,12.477,8.392,12.472,,55.144
2/12/18,,41.43,20.685,20.715,19.558,52.98,109.982,97.673,119.606,,482.041
2/13/18,,42.784,21.774,21.92,20.314,53.764,111.136,98.971,121.765,,491.789
2/14/18,,44.624,22.951,23.11,21.907,55.523,114.372,102.186,124.945,,508.908
2/15/18,,45.337,23.586,24.135,22.146,57.291,117.82,105.212,128.138,,522.904
2/16/18,,43.081,22.12,23.165,21.373,56.133,113.95,98.52,118.338,,495.943
2/17/18,,20.634,11.951,13.893,11.13,26.943,57.531,46.844,50.596,,239.233
2/18/18,,7.369,2.864,2.907,3.145,7.601,12.939,8.854,13.108,,58.68
2/19/18,,47.64,24.556,24.752,22.693,59.406,122.397,109.265,131.142,,541.045
2/20/18,,48.743,24.769,24.924,22.896,59.634,121.718,109.17,133.046,,544.115
2/21/18,,47.512,24.791,25.37,23.29,57.971,119.841,106.543,128.906,,533.466
2/22/18,,45.455,23.81,24.304,22.525,58.436,119.54,106.482,128.389,,528.251
2/23/18,,44.101,23.157,24.281,22.034,55.534,113.329,100.219,117.933,,499.903
2/24/18,,21.608,11.921,13.651,11.125,26.459,55.904,45.728,51.191,,237.334
2/25/18,,7.57,2.83,2.826,2.917,7.572,13.052,9.02,13.353,,59.046
2/26/18,,48.802,24.983,25.151,23.483,59.693,122.638,109.694,131.868,,545.516
2/27/18,,49.487,25.692,26.335,23.922,59.477,122.459,109.97,133.25,,549.826
2/28/18,,51.466,26.066,29.757,32.458,72.42,145.285,126.751,140.955,,624.254
3/1/18,,44.546,24.329,24.84,23.078,57.197,121.116,107.168,130.375,,532.028
3/2/18,,46.009,24.546,25.771,23.14,58.295,122.297,105.326,123.042,,527.778
3/3/18,,20.754,12.082,13.973,11.291,26.961,55.939,44.188,50.061,,234.985
3/4/18,,7.622,2.981,3.181,3.163,7.842,13.394,9.421,14.481,,62.006
3/5/18,,47.108,25.167,25.508,23.588,59.932,125.19,110.48,137.594,,553.899
3/6/18,,49.098,25.527,26.486,24.407,60.389,126.565,112.469,138.307,,562.539
3/7/18,,47.378,25.049,26.023,23.863,59.138,123.82,109.668,134.012,,548.266
3/8/18,,44.989,23.995,24.528,23.025,56.388,119.204,107.038,129.984,,528.503
3/9/18,,43.971,24.09,24.544,22.922,56.255,117.5,102.556,122.958,,514.167
3/10/18,,22.764,13.128,14.736,11.623,27.458,58.357,46.888,52.246,,246.998
3/11/18,,8.054,2.976,3.022,2.997,8.11,14.478,9.128,13.867,,62.571
3/12/18,,48.466,25.579,26.552,23.984,58.861,125.529,110.532,133.947,,552.783
3/13/18,,49.972,25.949,26.72,24.216,61.046,127.704,113.143,137.441,,565.537
3/14/18,,48.712,25.685,27.34,24.506,59.497,124.741,111.227,134.641,,555.644
3/15/18,,46.934,25.529,26.164,24.166,59.246,123.703,109.814,133.15,,548.032
3/16/18,,43.662,23.582,24.826,22.808,56.099,116.52,101.007,120.964,,508.799
3/17/18,,21.299,12.078,13.655,10.982,26.488,55.261,44.245,50.203,,233.995
3/18/18,,7.716,2.755,2.729,2.818,7.432,12.494,8.458,13.777,,58.11
3/19/18,,8.672,3.298,3.246,3.237,8.382,14.261,9.647,15.602,,66.281
3/20/18,,49.29,26.143,26.979,23.582,61.092,127.207,112.944,139.852,,566.408
3/21/18,,49.068,25.916,26.874,24.065,59.997,124.575,111.65,137.991,,559.376
3/22/18,,47.623,25.292,26.281,23.872,60.19,124.52,110.722,136.384,,554.195
3/23/18,,44.068,23.952,25.044,22.707,56.722,117.3,104.562,127.607,,521.274
3/24/18,,21.898,12.425,14.261,11.469,27.535,58.885,48.026,53.995,,248.245
3/25/18,,7.702,2.8,2.791,2.84,7.583,13.07,8.971,14.329,,60.015
3/26/18,,45.632,25.934,28.204,24.788,58.03,121.053,108.018,130.456,,541.51
3/27/18,,44.443,24.948,26.998,24.587,56.954,117.084,104.938,125.802,,525.128
3/28/18,,38.289,21.351,23.33,21.615,50.985,104.597,92.638,110.853,,463.129
3/29/18,,6.404,2.341,2.438,2.476,6.803,11.186,7.811,12.91,,52.318
3/30/18,,6.279,2.17,2.245,2.231,6.76,11.07,7.625,12.675,,50.997
3/31/18,,11.312,5.202,5.741,5.273,15.128,29.631,23.25,30.209,,125.609
4/1/18,,6.345,2.602,2.934,2.917,7.806,14.505,11.096,20.578,,68.74
4/2/18,,36.439,19.666,20.668,18.836,50.101,107.231,96.898,117.163,,466.623
4/3/18,,33.573,17.935,19.319,17.64,47.647,101.564,92.393,116.589,,446.271
4/4/18,,34.373,18.488,19.726,17.669,48.365,102.599,93.586,116.997,,451.404
4/5/18,,33.895,18.603,19.838,18.389,49.186,104.067,95.02,119.199,,457.836
4/6/18,,31.624,17.288,18.828,17.095,46.685,97.944,87.275,109.034,,425.404
4/7/18,,16.612,10.019,11.778,9.078,23.647,50.707,41.243,47.811,,210.739
4/8/18,,5.938,2.343,2.598,2.615,7.155,12.109,8.858,14.629,,56.213
4/9/18,,37.429,20.095,21.38,18.942,51.62,109.797,97.763,122.874,,479.494
4/10/18,,36.284,19.651,21.288,18.938,51.219,107.78,97.475,122.221,,474.478
4/11/18,,35.174,19.366,20.908,18.324,49.128,105.168,94.573,117.57,,459.847
4/12/18,,34.752,18.556,20.238,18.609,49.488,105.797,95.664,117.908,,460.658
4/13/18,,33.296,17.997,20.103,17.906,47.325,99.317,88.723,109.006,,433.332
4/14/18,,16.753,9.713,11.183,9.009,23.136,49.418,40.71,47.32,,207.106
4/15/18,,6.662,2.441,2.676,2.699,7.27,12.112,8.776,14.165,,56.763
4/16/18,,38.097,19.989,21.701,18.899,51.763,109.704,97.215,121.402,,478.34
4/17/18,,39.219,20.769,22.19,19.837,52.4,111.091,100.492,125.39,,490.968
4/18/18,,37.359,19.802,21.749,19.342,49.524,106.301,93.946,116.191,,463.844
4/19/18,,36.475,19.785,21.895,19.195,49.875,106.066,94.018,115.588,,462.496
4/20/18,,34.149,19.125,21.235,18.672,48.176,102.323,90.172,110.029,,443.567
4/21/18,,21.021,11.61,13.09,9.972,24.476,51.238,40.935,46.525,,218.705
4/22/18,,7.102,2.636,2.622,2.528,7.163,12.254,9.089,14.034,,57.383
4/23/18,,39.166,20.725,22.275,19.761,52.144,109.877,98.273,120.576,,482.401
4/24/18,,38.262,20.66,22.589,19.618,51.36,108.55,98.106,121.473,,480.189
4/25/18,,36.657,19.868,22.199,19.223,49.451,103.761,94.562,115.193,,460.463
4/26/18,,34.915,19.117,21.484,18.582,48.617,102.331,93.191,115.27,,453.128
4/27/18,,31.417,17.353,19.093,16.916,47.042,96.629,84.469,102.471,,415.054
4/28/18,,17.795,10.038,11.679,9.16,22.502,50.029,41.451,46.626,,209.118
4/29/18,,6.647,2.557,2.558,2.44,6.456,11.068,7.656,11.934,,51.268
4/30/18,,37.273,20.732,22.865,19.756,49.753,105.778,93.907,114.768,,464.458
5/1/18,,8.337,3.94,3.999,3.488,8.526,14.449,11.186,18.599,,72.508
5/2/18,,40.273,23.371,23.962,20.708,49.891,110.979,97.901,116.43,,483.344
5/3/18,,37.392,20.915,22.074,19.353,48.322,103.282,90.741,113.618,,455.547
5/4/18,,35.174,19.537,20.919,18.338,46.36,98.549,85.544,102.701,,426.978
5/5/18,,18.807,11.224,12.633,9.844,23.569,51.218,41.304,46.308,,214.796
5/6/18,,6.747,2.668,2.594,2.488,6.563,11.581,7.887,12.111,,52.622
5/7/18,,39.265,21.37,22.597,19.621,49.618,106.504,92.608,112.868,,464.291
5/8/18,,39.095,21.266,22.25,19.659,49.732,104.658,92.684,114.296,,463.475
5/9/18,,38.185,21.669,23.09,20.204,48.351,103.405,91.101,112.901,,458.747
5/10/18,,38.003,21.569,23.152,20.319,47.19,100.557,89.431,111.461,,451.518
5/11/18,,34.835,19.37,20.571,17.999,45.588,95.004,82.463,100.72,,416.422
5/12/18,,17.306,10.046,11.065,8.791,21.341,46.232,37.817,44.086,,196.581
5/13/18,,6.128,2.347,2.089,2.078,5.695,9.776,6.673,10.894,,45.66
5/14/18,,7.252,2.924,2.691,2.555,6.657,11.355,7.739,12.311,,53.47
5/15/18,,39.722,21.195,21.922,20.006,49.569,105.866,94.266,118.737,,471.129
5/16/18,,40.943,23.096,23.718,21.005,50.948,106.9,92.897,116.288,,475.622
5/17/18,,39.365,21.479,22.055,19.785,51.198,107.121,93.68,113.515,,467.986
5/18/18,,36.996,20.598,21.639,19.339,48.008,100.66,87.336,105.226,,439.612
5/19/18,,19.111,10.741,12.115,9.568,24.228,52.211,40.715,45.391,,213.96
5/20/18,,7.627,2.952,2.732,2.707,6.967,12.013,9.225,14.921,,59.119
5/21/18,,39.44,21.601,22.242,20.213,50.075,107.747,93.566,114.945,,469.63
5/22/18,,41.017,22.483,23.034,20.761,51.05,108.106,95.446,117.181,,478.862
5/23/18,,39.95,21.882,23.12,20.292,49.065,105.767,93.161,113.115,,466.17
5/24/18,,37.414,20.953,22.565,19.632,47.668,102.137,89.764,108.268,,448.243
5/25/18,,36.543,20.258,22.153,18.996,45.765,97.914,84.716,100.634,,426.788
5/26/18,,19.002,11.068,12.048,9.498,22.536,48.418,39.008,44.598,,206.055
5/27/18,,7.286,2.859,2.503,2.366,5.928,10.43,7.274,11.201,,49.836
5/28/18,,39.557,21.479,22.3,20.247,47.679,101.964,91.311,109.777,,454.123
5/29/18,,39.409,21.35,23.147,20.307,48.756,102.415,91.497,109.91,,456.623
5/30/18,,39.461,21.582,23.403,20.267,47.814,102.844,92.373,111.266,,458.842
5/31/18,,41.733,23.092,24.884,22.737,50.444,109.814,99.348,117.412,,489.288
6/1/18,,30.859,19.46,21.281,17.613,41.148,88.439,74.238,84.069,,377.061
6/2/18,,15.76,9.168,9.859,7.389,18.366,40.242,29.188,29.346,,159.293
6/3/18,,6.633,2.707,2.325,2.191,5.775,10.023,6.497,9.333,,45.471
6/4/18,,7.397,3.458,2.931,2.545,5.777,10.343,6.905,9.853,,49.198
6/5/18,,35.169,19.575,19.64,16.881,42.156,91.164,74.936,82.769,,382.245
6/6/18,,34.98,19.617,20.015,17.209,42.421,90.072,73.619,80.353,,378.238
6/7/18,,33.789,18.719,19.345,16.624,42.051,89.5,72.557,78.409,,370.941
6/8/18,,31.179,17.306,18.019,15.928,39.696,84.325,68.563,74.259,,349.226
6/9/18,,15.406,8.864,9.655,7.267,18.189,40.121,29.069,29.538,,158.088
6/10/18,,6.547,2.746,2.44,2.242,5.727,10.244,6.915,9.45,,46.3
6/11/18,,6.512,2.823,2.398,2.165,5.587,10.007,6.635,9.408,,45.528
6/12/18,,34.99,19.668,21.041,18.281,42.448,90.541,74.747,82.442,,384.103
6/13/18,,33.756,19.845,21.196,18.011,42.133,88.486,72.596,77.479,,373.45
6/14/18,,31.884,17.602,18.68,16.884,40.444,85.409,70.125,74.143,,355.131
6/15/18,,30.15,17.634,19.771,16.691,39.005,82.704,66.097,71.167,,343.168
6/16/18,,15.453,8.976,9.2,7.381,18.402,40.193,28.859,28.28,,156.722
6/17/18,,6.147,2.464,2.111,1.967,5.223,9.261,5.832,7.733,,40.731
6/18/18,,32.984,19.522,20.595,17.148,41.462,88.497,70.717,72.964,,363.826
6/19/18,,32.613,18.303,19.893,17.107,40.271,84.204,67.782,70.604,,350.729
6/20/18,,32.591,18.604,20.32,17.277,41.378,87.141,70.571,73.759,,361.588
6/21/18,,31.283,17.831,20.333,17.899,41.094,86.387,69.075,70.759,,354.613
6/22/18,,29.086,16.539,18.419,16.072,38.276,81.347,64.129,66.245,,330.048
6/23/18,,14.065,7.667,8.176,6.563,17.525,38.306,27.483,26.955,,146.721
6/24/18,,5.234,2.208,1.969,1.829,4.852,8.784,5.775,7.546,,38.187
6/25/18,,30.687,17.642,19.255,16.432,41.292,87.349,68.848,70.866,,352.302
6/26/18,,31.094,17.701,19.734,17.417,41.277,87.597,69.534,72.953,,357.235
6/27/18,,30.834,17.713,19.939,17.198,40.165,84.696,67.225,68.692,,346.403
6/28/18,,26.694,15.939,17.316,15.305,36.689,77.782,61.898,63.358,,314.927
6/29/18,,26.509,15.971,17.378,15.539,36.591,76.512,59.339,59.258,,307.038
6/30/18,,13.98,8.016,8.854,7.605,18.545,41.497,30.326,30.214,,159.015
7/1/18,,3.254,1.449,1.153,1.323,3.111,6.009,4.032,5.036,,25.359
7/2/18,,2.915,1.21,1.167,1.189,3.181,6.309,4.172,5.012,,25.149
7/3/18,,18.989,10.505,10.274,9.161,25.785,56.52,44.048,43.181,,218.451
7/4/18,,20.583,11.88,12.082,10.353,27.306,60.969,46.407,45.93,,235.5
7/5/18,,19.706,11.371,11.919,10.339,27.906,61.679,47.265,46.66,,236.838
7/6/18,,18.702,10.758,11.457,10.165,26.6,59.333,44.938,44.544,,226.488
7/7/18,,8.994,5.157,5.618,4.655,12.75,30.026,21.1,18.329,,106.624
7/8/18,,2.604,1.058,1.008,1.059,2.911,5.672,3.323,3.879,,21.506
7/9/18,,20.771,11.879,11.984,10.43,28.029,62.897,48.033,47.403,,241.414
7/10/18,,21.113,11.865,11.683,10.288,28.155,61.991,48.053,47.686,,240.823
7/11/18,,19.938,11.307,11.427,10.137,27.554,60.785,47.181,45.889,,234.208
7/12/18,,20.142,11.303,11.038,9.872,27.021,60.261,46.074,44.981,,230.683
7/13/18,,18.044,10.13,10.451,8.918,25.213,56.618,43.871,41.891,,215.129
7/14/18,,10.578,6.277,6.728,4.934,12.978,30.363,21.114,19.409,,112.376
7/15/18,,2.51,1.074,1.016,1.035,2.676,5.172,3.175,3.939,,20.592
7/16/18,,19.299,10.995,11.212,9.608,27.576,60.513,46.228,45.384,,230.806
7/17/18,,20.285,11.237,11.586,10.109,27.268,60.961,47.281,45.841,,234.56
7/18/18,,20.262,11.215,11.701,9.962,27.21,59.585,46.245,45.251,,231.423
7/19/18,,19.695,10.857,10.621,9.355,25.975,57.17,44.589,43.808,,222.063
7/20/18,,2.587,1.121,1.16,967,2.749,5.463,3.228,3.72,,20.993
7/21/18,,7.398,4.51,4.931,3.742,10.794,25.021,17.069,14.648,,88.108
7/22/18,,2.315,989,895,876,2.297,4.346,2.58,3.277,,17.571
7/23/18,,20.071,11.452,10.936,9.494,26.689,59.838,46.295,45.592,,230.358
7/24/18,,20.051,11.722,11.129,9.8,26.684,59.735,45.944,44.745,,229.803
7/25/18,,19.343,11.131,11.37,9.757,25.384,56.101,43.291,40.749,,217.117
7/26/18,,17.978,10.085,10.413,8.761,24.524,54.344,42.051,39.517,,207.665
7/27/18,,16.327,9.741,10.299,8.644,23.219,52.206,39.358,36.333,,196.12
7/28/18,,8.544,5.169,6.034,4.192,11.201,25.139,17.187,14.331,,91.792
7/29/18,,2.063,941,852,771,2.102,4.032,2.323,2.748,,15.829
7/30/18,,18.027,10.245,10.366,8.651,23.929,53.027,40.399,37.52,,202.157
7/31/18,,17.954,10.84,10.999,9.778,25.406,54.322,40.766,38.683,,208.741
8/1/18,,452,130,119,92,341,746,305,229,,2.414
8/2/18,,318,77,68,57,156,318,150,98,,1.242
8/3/18,,344,70,73,49,272,616,186,123,,1.733
8/4/18,,342,95,88,62,248,548,194,117,,1.694
8/5/18,,,,,,,2,,1,,3
8/6/18,,,,,,1,2,,2,,5
8/7/18,,,,,,,,,1,,1
8/8/18,,,,,,,1,2,1,,4
8/9/18,,,,,,1,,,2,,3
8/10/18,,,,,,,1,1,,,2
8/12/18,,,,,,,,1,,,1
8/15/18,,,,,,,2,,1,,3
12/30/18,,,1,,,,,,,,1